release_path,original_path,classification,origin_project,original_author_or_copyright,license,spdx,modified_by_le_sun,include,reason,sha256_original,sha256_release,notes
.gitignore,N/A (new artifact),DOCUMENTATION_ORIGINAL,release preparation (2026-08-09),Le Sun,BSD-2-Clause,BSD-2-Clause,n/a (author),True,Git ignore rules,,5d8488ccd1e12af899b4798742826683188ed9e83eaa944b5d987e982e46009e,Generated during release preparation
AUTHORS.md,N/A (new artifact),DOCUMENTATION_ORIGINAL,release preparation (2026-08-09),Le Sun,BSD-2-Clause,BSD-2-Clause,n/a (author),True,Authorship,,0c745f59621c8b447253101ba149bd17103f41d70fab9049a8e06474fe6aa12b,Generated during release preparation
CHANGELOG.md,N/A (new artifact),DOCUMENTATION_ORIGINAL,release preparation (2026-08-09),Le Sun,BSD-2-Clause,BSD-2-Clause,n/a (author),True,Changelog,,b91637f15c62914ff346c84c703ab1f1e05e04b19cf6c4c0f5f05d705c14a742,Generated during release preparation
CITATION.cff,N/A (new artifact),DOCUMENTATION_ORIGINAL,release preparation (2026-08-09),Le Sun,BSD-2-Clause,BSD-2-Clause,n/a (author),True,Citation metadata,,99d7941b199b118d0bb52a7d3be82a111a70a9fa32f9ccdbea0a531a176c78bd,Generated during release preparation
CONTRIBUTING.md,N/A (new artifact),DOCUMENTATION_ORIGINAL,release preparation (2026-08-09),Le Sun,BSD-2-Clause,BSD-2-Clause,n/a (author),True,Contributing guide,,d49654e6f5f364dfa0e0bd731fd1043044ead919db2e79298419ee935edb54dd,Generated during release preparation
LICENSE,N/A (new artifact),DOCUMENTATION_ORIGINAL,release preparation (2026-08-09),Le Sun,BSD-2-Clause,BSD-2-Clause,n/a (author),True,Multi-license statement,,f26951fd751738adca0f7113d6b4c92397ca5836177ce95d154babb820ecb9f8,Generated during release preparation
LICENSES/Apache-2.0.txt,N/A (new artifact),DOCUMENTATION_ORIGINAL,release preparation (2026-08-09),Le Sun,BSD-2-Clause,BSD-2-Clause,n/a (author),True,Apache-2.0 license text,,62c7a1e35f56406896d7aa7ca52d0cc0d272ac022b5d2796e7d6905db8a3636a,Generated during release preparation
LICENSES/BSD-2-Clause.txt,N/A (new artifact),DOCUMENTATION_ORIGINAL,release preparation (2026-08-09),Le Sun,BSD-2-Clause,BSD-2-Clause,n/a (author),True,BSD-2-Clause license text,,f613af54ce5541caed08e167ff162fe373f7af34f992a4fb368379fd7c7752a3,Generated during release preparation
LICENSES/upstream/Corundum-LICENSE.txt,N/A (new artifact),DOCUMENTATION_ORIGINAL,release preparation (2026-08-09),Le Sun,BSD-2-Clause,BSD-2-Clause,n/a (author),True,Corundum upstream LICENSE text,,e718ce52d815d36c0576b9f759001200731db9b16775286ffc1b66bbf97eb1b6,Generated during release preparation
LICENSES/upstream/Vitis_Libraries-LICENSE.txt,N/A (new artifact),DOCUMENTATION_ORIGINAL,release preparation (2026-08-09),Le Sun,BSD-2-Clause,BSD-2-Clause,n/a (author),True,Vitis Libraries upstream LICENSE text,,3b8747d07bb21f9842a3c4d6c4c2a759ee8e47ba7ef4e8383d3a48fb9fea6fb9,Generated during release preparation
NOTICE,N/A (new artifact),DOCUMENTATION_ORIGINAL,release preparation (2026-08-09),Le Sun,BSD-2-Clause,BSD-2-Clause,n/a (author),True,Attribution notice,,2387fe1a03b5df7c75086588e47ad38d7e272e747f5cf5fc5f10433379fc7cf3,Generated during release preparation
README.md,N/A (new artifact),DOCUMENTATION_ORIGINAL,release preparation (2026-08-09),Le Sun,BSD-2-Clause,BSD-2-Clause,n/a (author),True,Top-level README (story + disclosure),,00eb103d73f24221f983ef8be20de4d7c273c50e0315567bb797e340860349a4,Generated during release preparation
README_CN.md,N/A (author-provided translation of README.md),DOCUMENTATION_ORIGINAL,release preparation (2026-08-09),Le Sun,BSD-2-Clause,BSD-2-Clause,n/a (author),True,Chinese translation of the top-level README provided by the author,,d16cbfc476e0da3efe1ad9aa50e9a2f4e6c0a2f3694e18803c3906184f9886b0,Author-provided; verified consistent with English README
SECURITY.md,N/A (new artifact),DOCUMENTATION_ORIGINAL,release preparation (2026-08-09),Le Sun,BSD-2-Clause,BSD-2-Clause,n/a (author),True,Security/vulnerability reporting,,00e25f89c17aaa2ce82022d3b4c0e85ba1136098090c2a6283cd0f51a0ca72af,Generated during release preparation
THIRD_PARTY_NOTICES.md,N/A (new artifact),DOCUMENTATION_ORIGINAL,release preparation (2026-08-09),Le Sun,BSD-2-Clause,BSD-2-Clause,n/a (author),True,Third-party notices,,12c96f020f6215ce985611e5638564eeb7b805fc8cf123605b65398faf00058c,Generated during release preparation
constraints/boot.xdc,<home>/workspace/mqnic_gcm_codex-2-v2-2.75gbps/mqnic_gcm_codex-2/mqnic_gcm_codex.srcs/constrs_1/imports/fpga/mqnic/Nexus_K3P_S/fpga_25g/boot.xdc,CORUNDUM_UPSTREAM,Corundum,Corundum,BSD-2-Clause-Views,BSD-2-Clause-Views,no,True,Unmodified,570410ab9099080be62eb128d84c0707c821963b704659a294381c416e0c828c,570410ab9099080be62eb128d84c0707c821963b704659a294381c416e0c828c,
constraints/corundum_syn/axis_async_fifo.tcl,<home>/workspace/mqnic_gcm_codex-2-v2-2.75gbps/mqnic_gcm_codex-2/mqnic_gcm_codex.srcs/constrs_1/imports/fpga/mqnic/Nexus_K3P_S/fpga_25g/lib/axis/syn/vivado/axis_async_fifo.tcl,CORUNDUM_UPSTREAM,Corundum,Corundum / Alex Forencich,BSD-2-Clause-Views or MIT,varies,no,True,Corundum synthesis/IP tcl,3f57cca60ad8151c329b5ef29c816005e52e1e20943c42f1b3eb2a134e7da839,3f57cca60ad8151c329b5ef29c816005e52e1e20943c42f1b3eb2a134e7da839,
constraints/corundum_syn/eth_xcvr_phy_10g_gty_wrapper.tcl,<home>/workspace/mqnic_gcm_codex-2-v2-2.75gbps/mqnic_gcm_codex-2/mqnic_gcm_codex.srcs/constrs_1/imports/fpga/common/syn/vivado/eth_xcvr_phy_10g_gty_wrapper.tcl,CORUNDUM_UPSTREAM,Corundum,Corundum / Alex Forencich,BSD-2-Clause-Views or MIT,varies,no,True,Corundum synthesis/IP tcl,5d01d10ffaf18d07fc13c8fb3227b6bd5e57e7be1c4f725dc5542e322ba3384e,5d01d10ffaf18d07fc13c8fb3227b6bd5e57e7be1c4f725dc5542e322ba3384e,
constraints/corundum_syn/mqnic_port.tcl,<home>/workspace/mqnic_gcm_codex-2-v2-2.75gbps/mqnic_gcm_codex-2/mqnic_gcm_codex.srcs/constrs_1/imports/fpga/common/syn/vivado/mqnic_port.tcl,CORUNDUM_UPSTREAM,Corundum,Corundum / Alex Forencich,BSD-2-Clause-Views or MIT,varies,no,True,Corundum synthesis/IP tcl,fe2bda2ceb70f60f5bdedcc071e826d2f5106fb4b4b1c7badee5bfdb143a1f64,fe2bda2ceb70f60f5bdedcc071e826d2f5106fb4b4b1c7badee5bfdb143a1f64,
constraints/corundum_syn/mqnic_ptp_clock.tcl,<home>/workspace/mqnic_gcm_codex-2-v2-2.75gbps/mqnic_gcm_codex-2/mqnic_gcm_codex.srcs/constrs_1/imports/fpga/common/syn/vivado/mqnic_ptp_clock.tcl,CORUNDUM_UPSTREAM,Corundum,Corundum / Alex Forencich,BSD-2-Clause-Views or MIT,varies,no,True,Corundum synthesis/IP tcl,9a6fc92da10fe1aa43fb885c7e43f230ad0bf5de9c7bc8283096f277dce00043,9a6fc92da10fe1aa43fb885c7e43f230ad0bf5de9c7bc8283096f277dce00043,
constraints/corundum_syn/mqnic_rb_clk_info.tcl,<home>/workspace/mqnic_gcm_codex-2-v2-2.75gbps/mqnic_gcm_codex-2/mqnic_gcm_codex.srcs/constrs_1/imports/fpga/common/syn/vivado/mqnic_rb_clk_info.tcl,CORUNDUM_UPSTREAM,Corundum,Corundum / Alex Forencich,BSD-2-Clause-Views or MIT,varies,no,True,Corundum synthesis/IP tcl,4a2b8fae4a3726a7cb294c1d72836295dee9157cd4e9a242f090748510bf217e,4a2b8fae4a3726a7cb294c1d72836295dee9157cd4e9a242f090748510bf217e,
constraints/corundum_syn/ptp_td_leaf.tcl,<home>/workspace/mqnic_gcm_codex-2-v2-2.75gbps/mqnic_gcm_codex-2/mqnic_gcm_codex.srcs/constrs_1/imports/fpga/mqnic/Nexus_K3P_S/fpga_25g/lib/eth/syn/vivado/ptp_td_leaf.tcl,CORUNDUM_UPSTREAM,Corundum,Corundum / Alex Forencich,BSD-2-Clause-Views or MIT,varies,no,True,Corundum synthesis/IP tcl,960675fdef23180b8e51bbd11dbbd0e8ca2a6958291ca821c4e08e5c68a0063d,960675fdef23180b8e51bbd11dbbd0e8ca2a6958291ca821c4e08e5c68a0063d,
constraints/corundum_syn/rb_drp.tcl,<home>/workspace/mqnic_gcm_codex-2-v2-2.75gbps/mqnic_gcm_codex-2/mqnic_gcm_codex.srcs/constrs_1/imports/fpga/common/syn/vivado/rb_drp.tcl,CORUNDUM_UPSTREAM,Corundum,Corundum / Alex Forencich,BSD-2-Clause-Views or MIT,varies,no,True,Corundum synthesis/IP tcl,2a698b1d9be8a9a2f8dbdd3da3da9f25cc005d0f3bbeed5f6eb547c3613bf4fa,2a698b1d9be8a9a2f8dbdd3da3da9f25cc005d0f3bbeed5f6eb547c3613bf4fa,
constraints/corundum_syn/sync_reset.tcl,<home>/workspace/mqnic_gcm_codex-2-v2-2.75gbps/mqnic_gcm_codex-2/mqnic_gcm_codex.srcs/constrs_1/imports/fpga/mqnic/Nexus_K3P_S/fpga_25g/lib/axis/syn/vivado/sync_reset.tcl,CORUNDUM_UPSTREAM,Corundum,Corundum / Alex Forencich,BSD-2-Clause-Views or MIT,varies,no,True,Corundum synthesis/IP tcl,14500d981033dd7475c7146779ed33c8fc0c9c082e98e4e2479602239a67514f,14500d981033dd7475c7146779ed33c8fc0c9c082e98e4e2479602239a67514f,
constraints/corundum_syn/tdma_ber_ch.tcl,<home>/workspace/mqnic_gcm_codex-2-v2-2.75gbps/mqnic_gcm_codex-2/mqnic_gcm_codex.srcs/constrs_1/imports/fpga/common/syn/vivado/tdma_ber_ch.tcl,CORUNDUM_UPSTREAM,Corundum,Corundum / Alex Forencich,BSD-2-Clause-Views or MIT,varies,no,True,Corundum synthesis/IP tcl,23d83e2028295066177fb6b2096bc4746254b87cf5c12cb7dc687105b84c5ca4,23d83e2028295066177fb6b2096bc4746254b87cf5c12cb7dc687105b84c5ca4,
constraints/fpga_k35.xdc,<home>/workspace/mqnic_gcm_codex-2-v2-2.75gbps/mqnic_gcm_codex-2/mqnic_gcm_codex.srcs/constrs_1/imports/fpga/mqnic/Nexus_K3P_S/fpga_25g/fpga_k35.xdc,CORUNDUM_MODIFIED,Corundum + Le Sun,Corundum / UC Regents,BSD-2-Clause-Views,BSD-2-Clause-Views,yes,True,MACsec pblock + async clock groups; patch provided,52bad8622af2d6638e4e9caa17ca72837bab5e37c34420fad1277890d69cbdf6,71e25b8c8e0d9b13d0b0e57c0ce50ff5161b09339ce6d9e1727bc8de78bfd393,Attribution block added
docs/AI_ASSISTED_ENGINEERING.md,N/A (new artifact),DOCUMENTATION_ORIGINAL,release preparation (2026-08-09),Le Sun,BSD-2-Clause,BSD-2-Clause,n/a (author),True,AI methodology,,b3de89aa6d284d18a169a8617acabcaf5d2ebce6756983ab69abfe42dc4f40c9,Generated during release preparation
docs/ARCHITECTURE.md,N/A (new artifact),DOCUMENTATION_ORIGINAL,release preparation (2026-08-09),Le Sun,BSD-2-Clause,BSD-2-Clause,n/a (author),True,Architecture (current vs target),,f83f5336f8f9316a01d2f83239bdf077137e579d11022db0e0013e16ad1d35b6,Generated during release preparation
docs/BUILD.md,N/A (new artifact),DOCUMENTATION_ORIGINAL,release preparation (2026-08-09),Le Sun,BSD-2-Clause,BSD-2-Clause,n/a (author),True,Build guide,,8c9920613ff7620470ee7444682d8801de0a596145c38b85d006f5abca5b3bf8,Generated during release preparation
docs/KNOWN_LIMITATIONS.md,N/A (new artifact),DOCUMENTATION_ORIGINAL,release preparation (2026-08-09),Le Sun,BSD-2-Clause,BSD-2-Clause,n/a (author),True,Known limitations,,3f2ebeb8c49a28575bbac54cc901b3dcb4456aad064fdb7b23a9e180bbf8fb05,Generated during release preparation
docs/PERFORMANCE.md,N/A (new artifact),DOCUMENTATION_ORIGINAL,release preparation (2026-08-09),Le Sun,BSD-2-Clause,BSD-2-Clause,n/a (author),True,Performance model,,995f2e01645dbe528e6aeed6d292ff2b391c312f6d50c0ba8203b93221d1140f,Generated during release preparation
docs/PROJECT_HISTORY.md,N/A (new artifact),DOCUMENTATION_ORIGINAL,release preparation (2026-08-09),Le Sun,BSD-2-Clause,BSD-2-Clause,n/a (author),True,Project story,,85be8f6147c19e724924ec22a45042d1be1214fb9b253b1be948014772741213,Generated during release preparation
docs/PROVENANCE.md,N/A (new artifact),DOCUMENTATION_ORIGINAL,release preparation (2026-08-09),Le Sun,BSD-2-Clause,BSD-2-Clause,n/a (author),True,Provenance mapping,,56c994b131ac66fd1d7fb141a3cba94c6a0c21cbd548a88dd0e700097fdd9411,Generated during release preparation
docs/PUBLISH_REVIEW_REQUIRED.md,N/A (new artifact),DOCUMENTATION_ORIGINAL,release preparation (2026-08-09),Le Sun,BSD-2-Clause,BSD-2-Clause,n/a (author),True,Publication review gate,,0b7267c48441928b136689cc32e4a217d12ab40e1bcf798c03021e0a682b206e,Generated during release preparation
docs/RELEASE_NOTES_DRAFT.md,N/A (new artifact),DOCUMENTATION_ORIGINAL,release preparation (2026-08-09),Le Sun,BSD-2-Clause,BSD-2-Clause,n/a (author),True,Release notes draft,,796a203e0ffa2a5eb1bbaf556a9ef6cd8d5ae0981c8d18a7b1ace7038aba381e,Generated during release preparation
docs/REPRODUCIBILITY.md,N/A (new artifact),DOCUMENTATION_ORIGINAL,release preparation (2026-08-09),Le Sun,BSD-2-Clause,BSD-2-Clause,n/a (author),True,Reproducibility,,b3c927fb1dc8ab993875abf516dcb8a719fbda37837d575b389de27c9d9b5b50,Generated during release preparation
docs/ROADMAP.md,N/A (new artifact),DOCUMENTATION_ORIGINAL,release preparation (2026-08-09),Le Sun,BSD-2-Clause,BSD-2-Clause,n/a (author),True,Roadmap,,497f7e028bc76b21dce19b2bc78fd337362073c45e90c808cbd330934dcf5935,Generated during release preparation
docs/SECURITY_STATUS.md,N/A (new artifact),DOCUMENTATION_ORIGINAL,release preparation (2026-08-09),Le Sun,BSD-2-Clause,BSD-2-Clause,n/a (author),True,Security status,,e5a0a0157ffe919f37451978298d8ccb65ff4455ec55098a0105cc19ae393499,Generated during release preparation
docs/VERIFICATION_STATUS.md,N/A (new artifact),DOCUMENTATION_ORIGINAL,release preparation (2026-08-09),Le Sun,BSD-2-Clause,BSD-2-Clause,n/a (author),True,Verification status,,a81dc1b4a6dbf7d11b21f0a5629a977dd781e517b25c63152a1675809bf4d917,Generated during release preparation
docs/audits/VITIS_MACSEC_SECURITY_CLOSURE_20260806_210353.json,<home>/workspace/mqnic_gcm_codex-2-v2-2.75gbps/mqnic_gcm_codex-2/reports/VITIS_MACSEC_SECURITY_CLOSURE_20260806_210353.json,DOCUMENTATION_ORIGINAL,VITIS_MACSEC audits (2026-08-06),Le Sun (audit),BSD-2-Clause,BSD-2-Clause,n/a (author),True,Publication-sanitized copy of the original read-only audit; conclusions unchanged,0f435f74c0a48352aa5bed5825f995c397320f872fd81c62c97696b4ba841d05,c69d2093358ece3a15b25e23c58daf221e6e072df6eb040de17abc4f818d88fc,Paths normalized; timestamps preserved
docs/audits/VITIS_MACSEC_SECURITY_CLOSURE_AUDIT_20260806_210353.md,<home>/workspace/mqnic_gcm_codex-2-v2-2.75gbps/mqnic_gcm_codex-2/reports/VITIS_MACSEC_SECURITY_CLOSURE_AUDIT_20260806_210353.md,DOCUMENTATION_ORIGINAL,VITIS_MACSEC audits (2026-08-06),Le Sun (audit),BSD-2-Clause,BSD-2-Clause,n/a (author),True,Publication-sanitized copy of the original read-only audit; conclusions unchanged,14992741a3053e9ca578970b117fceeba5b44515d7fd049ad1948b77fa29831c,52d14d6428d980bbfe0daa4055b2626fda80a5557882fdf92f872b5df46429be,Paths normalized; timestamps preserved
docs/audits/VITIS_MACSEC_SIMULATION_COVERAGE_AUDIT_20260806_210353.md,<home>/workspace/mqnic_gcm_codex-2-v2-2.75gbps/mqnic_gcm_codex-2/reports/VITIS_MACSEC_SIMULATION_COVERAGE_AUDIT_20260806_210353.md,DOCUMENTATION_ORIGINAL,VITIS_MACSEC audits (2026-08-06),Le Sun (audit),BSD-2-Clause,BSD-2-Clause,n/a (author),True,Publication-sanitized copy of the original read-only audit; conclusions unchanged,f7ff707c194a5fca50b61ce9bfc6fbc0c79fdc981063d4998f56859882f8d14e,c2d711ea8b6ce655e9d0f9c643860cd97b0c334320b59093f298caa57202a89b,Paths normalized; timestamps preserved
docs/audits/VITIS_MACSEC_SIMULATION_COVERAGE_MATRIX_20260806_210353.csv,<home>/workspace/mqnic_gcm_codex-2-v2-2.75gbps/mqnic_gcm_codex-2/reports/VITIS_MACSEC_SIMULATION_COVERAGE_MATRIX_20260806_210353.csv,DOCUMENTATION_ORIGINAL,VITIS_MACSEC audits (2026-08-06),Le Sun (audit),BSD-2-Clause,BSD-2-Clause,n/a (author),True,Publication-sanitized copy of the original read-only audit; conclusions unchanged,ce1704903d7be5ebddc533235eb4069322c063bebdb278cc16a17761750a5a15,b696e67bbc076f9943f37e9778b0a8d3ddca69bcef76f99d113ae506d28efc83,Paths normalized; timestamps preserved
docs/audits/VITS_MACSEC_10G_RECOVERY_AUDIT_20260806_205045.json,<home>/workspace/mqnic_gcm_codex-2-v2-2.75gbps/mqnic_gcm_codex-2/reports/VITS_MACSEC_10G_RECOVERY_AUDIT_20260806_205045.json,DOCUMENTATION_ORIGINAL,VITIS_MACSEC audits (2026-08-06),Le Sun (audit),BSD-2-Clause,BSD-2-Clause,n/a (author),True,Publication-sanitized copy of the original read-only audit; conclusions unchanged,b25e166474b59013615a403801945f814c08e354c3d287f423ad91b470857b71,ae89d554cb0ef441511d3ab3f2f54c4f8322bf90e9db69868e5c2ec637224950,Paths normalized; timestamps preserved
docs/audits/VITS_MACSEC_10G_RECOVERY_AUDIT_20260806_205045.md,<home>/workspace/mqnic_gcm_codex-2-v2-2.75gbps/mqnic_gcm_codex-2/reports/VITS_MACSEC_10G_RECOVERY_AUDIT_20260806_205045.md,DOCUMENTATION_ORIGINAL,VITIS_MACSEC audits (2026-08-06),Le Sun (audit),BSD-2-Clause,BSD-2-Clause,n/a (author),True,Publication-sanitized copy of the original read-only audit; conclusions unchanged,05a3e376dea2fd5c6383b651bc54bc4bfe11f98eee4fe2d6082d39ccff8b7aaf,66b0b0dbb5794952124925d82728ea1d23a987dc0d41db4335533e1ca72978ad,Paths normalized; timestamps preserved
docs/engineering_log/CODEX_CHANGELOG.md,<home>/workspace/mqnic_gcm_codex-2-v2-2.75gbps/mqnic_gcm_codex-2/CODEX_CHANGELOG.md,DOCUMENTATION_ORIGINAL,mqnic_gcm_codex-2 (project),Le Sun (engineering records),BSD-2-Clause,BSD-2-Clause,n/a (author),True,Original engineering record; paths sanitized for publication,6eba455ab9cdd61c58f8e853d54ba2464cd13d28455436d08364bd75661ed94a,162d164ec13cd7d00f153b901d28e54435aaf793da4bc5d58f37d6e3a6e8bec8,Conclusions unchanged
docs/engineering_log/MACSEC_BOARD_TEST_PLAN_2026-04-22.md,<home>/workspace/mqnic_gcm_codex-2-v2-2.75gbps/mqnic_gcm_codex-2/MACSEC_BOARD_TEST_PLAN_2026-04-22.md,DOCUMENTATION_ORIGINAL,mqnic_gcm_codex-2 (project),Le Sun (engineering records),BSD-2-Clause,BSD-2-Clause,n/a (author),True,Original engineering record; paths sanitized for publication,a4c49482031d2160b0b834214d948f54ccfb983117ee1908280b715dc5a3ad5a,a4c49482031d2160b0b834214d948f54ccfb983117ee1908280b715dc5a3ad5a,Conclusions unchanged
docs/engineering_log/MACSEC_COCOTB_INTEGRATION_PLAN.md,<home>/workspace/mqnic_gcm_codex-2-v2-2.75gbps/mqnic_gcm_codex-2/MACSEC_COCOTB_INTEGRATION_PLAN.md,DOCUMENTATION_ORIGINAL,mqnic_gcm_codex-2 (project),Le Sun (engineering records),BSD-2-Clause,BSD-2-Clause,n/a (author),True,Original engineering record; paths sanitized for publication,9bcfc186421818e812cab9faab028e83f5d78038946f6c539d7cb7035e055791,9bcfc186421818e812cab9faab028e83f5d78038946f6c539d7cb7035e055791,Conclusions unchanged
docs/engineering_log/MACSEC_GATE0_3_EXECUTION_2026-04-22.md,<home>/workspace/mqnic_gcm_codex-2-v2-2.75gbps/mqnic_gcm_codex-2/MACSEC_GATE0_3_EXECUTION_2026-04-22.md,DOCUMENTATION_ORIGINAL,mqnic_gcm_codex-2 (project),Le Sun (engineering records),BSD-2-Clause,BSD-2-Clause,n/a (author),True,Original engineering record; paths sanitized for publication,ba18ecd7d5b45f7d6a4f3fa5d6d9dfcf5f4f1b933b0fb2e0c0412a2ab1b0e613,c6e427fb1df5b651d21b8d36a5406a0fc35ff30b43698d49f1ab43b5bc5dedf0,Conclusions unchanged
docs/engineering_log/MACSEC_GATE0_3_EXECUTION_2026-04-22_R2.md,<home>/workspace/mqnic_gcm_codex-2-v2-2.75gbps/mqnic_gcm_codex-2/MACSEC_GATE0_3_EXECUTION_2026-04-22_R2.md,DOCUMENTATION_ORIGINAL,mqnic_gcm_codex-2 (project),Le Sun (engineering records),BSD-2-Clause,BSD-2-Clause,n/a (author),True,Original engineering record; paths sanitized for publication,1fdd62fb8b4173b970f4ce22c18abab2261c2bd5d8273d8971b79a8435d813b2,d2672e3bbb520bd08a1dec19792f1f7bf32cd08ee10279d4d34c1438bfa68424,Conclusions unchanged
docs/engineering_log/MACSEC_GATE0_3_EXECUTION_2026-04-22_R3.md,<home>/workspace/mqnic_gcm_codex-2-v2-2.75gbps/mqnic_gcm_codex-2/MACSEC_GATE0_3_EXECUTION_2026-04-22_R3.md,DOCUMENTATION_ORIGINAL,mqnic_gcm_codex-2 (project),Le Sun (engineering records),BSD-2-Clause,BSD-2-Clause,n/a (author),True,Original engineering record; paths sanitized for publication,6f5758527201ea94c2284d2f1dc2ea6049edcf31c57bd472e9f89c22845a3210,ff774ecc85211ee9d49b7a7e579cdb10887e89a4b9fc169345722599684497ab,Conclusions unchanged
docs/engineering_log/MACSEC_GATE0_3_EXECUTION_2026-04-23_R3.md,<home>/workspace/mqnic_gcm_codex-2-v2-2.75gbps/mqnic_gcm_codex-2/MACSEC_GATE0_3_EXECUTION_2026-04-23_R3.md,DOCUMENTATION_ORIGINAL,mqnic_gcm_codex-2 (project),Le Sun (engineering records),BSD-2-Clause,BSD-2-Clause,n/a (author),True,Original engineering record; paths sanitized for publication,9aa0823d07e64fa2f782da0f244e9a888af0b4a263030a2312e3f7f982ecd87f,5cc7df6abb7061ae2f9c8808d68b99c3c12c0bf7be876b850923dc4ecec5d89c,Conclusions unchanged
docs/engineering_log/MACSEC_GATE2_EXECUTION_2026-04-24_R4.md,<home>/workspace/mqnic_gcm_codex-2-v2-2.75gbps/mqnic_gcm_codex-2/MACSEC_GATE2_EXECUTION_2026-04-24_R4.md,DOCUMENTATION_ORIGINAL,mqnic_gcm_codex-2 (project),Le Sun (engineering records),BSD-2-Clause,BSD-2-Clause,n/a (author),True,Original engineering record; paths sanitized for publication,a7429ba655f9a35b3964bda392cab33c0a2741429eddf7df09cf9b6f86c59f2d,a7429ba655f9a35b3964bda392cab33c0a2741429eddf7df09cf9b6f86c59f2d,Conclusions unchanged
docs/engineering_log/MACSEC_GATE2_SMALL_PKTS_PLAN_2026-04-22_R3.md,<home>/workspace/mqnic_gcm_codex-2-v2-2.75gbps/mqnic_gcm_codex-2/MACSEC_GATE2_SMALL_PKTS_PLAN_2026-04-22_R3.md,DOCUMENTATION_ORIGINAL,mqnic_gcm_codex-2 (project),Le Sun (engineering records),BSD-2-Clause,BSD-2-Clause,n/a (author),True,Original engineering record; paths sanitized for publication,7dc12991da1e3790255de7730d027ee0f5529bc61000a36d4a7f78fb68f1eb67,6d13e60ebbb7cdc915a70ef88cd807c9077707a3af40c050b01dc57d753bf189,Conclusions unchanged
docs/engineering_log/MACSEC_R4_DEBUG_EXECUTION_2026-04-23.md,<home>/workspace/mqnic_gcm_codex-2-v2-2.75gbps/mqnic_gcm_codex-2/MACSEC_R4_DEBUG_EXECUTION_2026-04-23.md,DOCUMENTATION_ORIGINAL,mqnic_gcm_codex-2 (project),Le Sun (engineering records),BSD-2-Clause,BSD-2-Clause,n/a (author),True,Original engineering record; paths sanitized for publication,6911bf336c522d033a900e5744d7ec02b9b7c1b260bc8a0ade69b8287a902fa1,40eb575e4090dd261103259ab458648bb892c46aec484da46afd507660acdc97,Conclusions unchanged
docs/engineering_log/MACSEC_R5_DEBUG_EXECUTION_2026-04-23.md,<home>/workspace/mqnic_gcm_codex-2-v2-2.75gbps/mqnic_gcm_codex-2/MACSEC_R5_DEBUG_EXECUTION_2026-04-23.md,DOCUMENTATION_ORIGINAL,mqnic_gcm_codex-2 (project),Le Sun (engineering records),BSD-2-Clause,BSD-2-Clause,n/a (author),True,Original engineering record; paths sanitized for publication,6b30725632b28fdc1cb5936662324f47cbb08a533124431886eb6253d9d2d3c9,6b30725632b28fdc1cb5936662324f47cbb08a533124431886eb6253d9d2d3c9,Conclusions unchanged
docs/engineering_log/MACSEC_R6_DEBUG_EXECUTION_2026-04-23.md,<home>/workspace/mqnic_gcm_codex-2-v2-2.75gbps/mqnic_gcm_codex-2/MACSEC_R6_DEBUG_EXECUTION_2026-04-23.md,DOCUMENTATION_ORIGINAL,mqnic_gcm_codex-2 (project),Le Sun (engineering records),BSD-2-Clause,BSD-2-Clause,n/a (author),True,Original engineering record; paths sanitized for publication,eccb163bb4c2bc73539bc59014e99fe8516ce4491b45064657b7ed7e5e8b9b51,eccb163bb4c2bc73539bc59014e99fe8516ce4491b45064657b7ed7e5e8b9b51,Conclusions unchanged
docs/engineering_log/MACSEC_R7_DEBUG_EXECUTION_2026-04-24.md,<home>/workspace/mqnic_gcm_codex-2-v2-2.75gbps/mqnic_gcm_codex-2/MACSEC_R7_DEBUG_EXECUTION_2026-04-24.md,DOCUMENTATION_ORIGINAL,mqnic_gcm_codex-2 (project),Le Sun (engineering records),BSD-2-Clause,BSD-2-Clause,n/a (author),True,Original engineering record; paths sanitized for publication,8785f9c6a67ec99d57893e56149703fc6aa2a352188c4d92bff3053a0638291a,8785f9c6a67ec99d57893e56149703fc6aa2a352188c4d92bff3053a0638291a,Conclusions unchanged
docs/engineering_log/PHY_LAYER_DIAGNOSIS_2026-04-21.md,<home>/workspace/mqnic_gcm_codex-2-v2-2.75gbps/mqnic_gcm_codex-2/PHY_LAYER_DIAGNOSIS_2026-04-21.md,DOCUMENTATION_ORIGINAL,mqnic_gcm_codex-2 (project),Le Sun (engineering records),BSD-2-Clause,BSD-2-Clause,n/a (author),True,Original engineering record; paths sanitized for publication,7f1f71376e6e45430f939f41334a82b07b581a02c144387aafb1bed4dd1d3b8a,bde6f326494f67f2cc865ba16c2643a6652006306ee704fe44d82ed59f425994,Conclusions unchanged
docs/engineering_log/TIMING_REPRO_说明.md,<home>/workspace/mqnic_gcm_codex-2-v2-2.75gbps/mqnic_gcm_codex-2/TIMING_REPRO_说明.md,DOCUMENTATION_ORIGINAL,mqnic_gcm_codex-2 (project),Le Sun (engineering records),BSD-2-Clause,BSD-2-Clause,n/a (author),True,Original engineering record; paths sanitized for publication,6126cff6c3bebace50d19f873639ba660fc03f65c8ded4b3c8ccc8e350d197f3,c555320bc00598ef971c30a0eaa34786a2ad48dc4639a92edfead33018a8c70a,Conclusions unchanged
docs/engineering_log/debug过程.md,<home>/workspace/mqnic_gcm_codex-2-v2-2.75gbps/mqnic_gcm_codex-2/debug过程.md,DOCUMENTATION_ORIGINAL,mqnic_gcm_codex-2 (project),Le Sun (engineering records),BSD-2-Clause,BSD-2-Clause,n/a (author),True,Original engineering record; paths sanitized for publication,d9271a1f27323647f99c8bbff703ffc93bddeadc3ce39746d74b36402b793ae4,d9271a1f27323647f99c8bbff703ffc93bddeadc3ce39746d74b36402b793ae4,Conclusions unchanged
docs/engineering_log/tight_setup_hold_pins.txt,<home>/workspace/mqnic_gcm_codex-2-v2-2.75gbps/mqnic_gcm_codex-2/tight_setup_hold_pins.txt,DOCUMENTATION_ORIGINAL,mqnic_gcm_codex-2 (project),Le Sun (engineering records),BSD-2-Clause,BSD-2-Clause,n/a (author),True,Original engineering record; paths sanitized for publication,d41e00f3712e4d1e721fa6ee5083ac26a089caa6ddb7670e71dce7e312c3c27a,d41e00f3712e4d1e721fa6ee5083ac26a089caa6ddb7670e71dce7e312c3c27a,Conclusions unchanged
docs/engineering_log/wireshark_malformed_pag.txt,<home>/workspace/mqnic_gcm_codex-2-v2-2.75gbps/mqnic_gcm_codex-2/wireshark_malformed_pag.txt,DOCUMENTATION_ORIGINAL,mqnic_gcm_codex-2 (project),Le Sun (engineering records),BSD-2-Clause,BSD-2-Clause,n/a (author),True,Original engineering record; paths sanitized for publication,ff0c356d393d7b9419c9171b08c6a6fbc57d8fc0adbb6cd6e1686a66c56aad58,311428f1407801f3ad97c93f79f54f3225ca421fb7e94a3876dc4afa9d186f81,Conclusions unchanged
hls/src/project/aes128dec/Makefile,<home>/workspace/mqnic_pciex8-AES-fromVitisLib/hls_source/aes128dec/Makefile,AMD_VITIS_UPSTREAM,Vitis_Libraries-2022.1,"Xilinx, Inc.",Apache-2.0,Apache-2.0,no,True,"Verbatim upstream AES-GCM HLS example (byte-identical to upstream, verified)",0fdb82a6229aff614dd880f186e4db4cd3b78917b2ecdc3294dea7d57d35973e,0fdb82a6229aff614dd880f186e4db4cd3b78917b2ecdc3294dea7d57d35973e,
hls/src/project/aes128dec/description.json,<home>/workspace/mqnic_pciex8-AES-fromVitisLib/hls_source/aes128dec/description.json,AMD_VITIS_UPSTREAM,Vitis_Libraries-2022.1,"Xilinx, Inc.",Apache-2.0,Apache-2.0,no,True,"Verbatim upstream AES-GCM HLS example (byte-identical to upstream, verified)",b1f76505b037e0e353efe2c5c6a2a4f3ce05dfa659ece0b61e28cc01f94e858a,b1f76505b037e0e353efe2c5c6a2a4f3ce05dfa659ece0b61e28cc01f94e858a,
hls/src/project/aes128dec/gld.dat,<home>/workspace/mqnic_pciex8-AES-fromVitisLib/hls_source/aes128dec/gld.dat,AMD_VITIS_UPSTREAM,Vitis_Libraries-2022.1,"Xilinx, Inc.",Apache-2.0,Apache-2.0,no,True,"Verbatim upstream AES-GCM HLS example (byte-identical to upstream, verified)",40649055726ebbc14940fd389e0419283bc47fd448994d025cf84795167265b9,40649055726ebbc14940fd389e0419283bc47fd448994d025cf84795167265b9,
hls/src/project/aes128dec/main.cpp,<home>/workspace/mqnic_pciex8-AES-fromVitisLib/hls_source/aes128dec/main.cpp,AMD_VITIS_UPSTREAM,Vitis_Libraries-2022.1,"Xilinx, Inc.",Apache-2.0,Apache-2.0,no,True,"Verbatim upstream AES-GCM HLS example (byte-identical to upstream, verified)",8be8b14f9708b6369d1a956e420ecc16434fc4c865731e0cd83eb8b7ad853101,8be8b14f9708b6369d1a956e420ecc16434fc4c865731e0cd83eb8b7ad853101,
hls/src/project/aes128dec/run_hls.tcl,<home>/workspace/mqnic_pciex8-AES-fromVitisLib/hls_source/aes128dec/run_hls.tcl,AMD_VITIS_UPSTREAM,Vitis_Libraries-2022.1,"Xilinx, Inc.",Apache-2.0,Apache-2.0,no,True,"Verbatim upstream AES-GCM HLS example (byte-identical to upstream, verified)",b7d67272e8d36ceb080ad6dc93e8c905052875d05fd85dd54c9a3f18eeb27438,b7d67272e8d36ceb080ad6dc93e8c905052875d05fd85dd54c9a3f18eeb27438,
hls/src/project/aes128dec/settings.tcl,<home>/workspace/mqnic_pciex8-AES-fromVitisLib/hls_source/aes128dec/settings.tcl,AMD_VITIS_MODIFIED,mqnic_pciex8-AES-fromVitisLib (project config),"Xilinx, Inc. (upstream example) + Le Sun (modifications)",Apache-2.0,Apache-2.0,yes,True,Upstream example settings.tcl modified for target part and local paths; paths sanitized for publication,fe2039553d48065089ac560b0bac4e98b22aae9de6e667f758637f47f1ff3527,143e8b9b5d1e06353deb9bdbf3dfa11c545aaa1b4bee1c34aa0b7640a36c921f,"Apache-2.0 header retained + ""Modified by Le Sun, 2026"" note added in release copy"
hls/src/project/aes128dec/test.cpp,<home>/workspace/mqnic_pciex8-AES-fromVitisLib/hls_source/aes128dec/test.cpp,AMD_VITIS_UPSTREAM,Vitis_Libraries-2022.1,"Xilinx, Inc.",Apache-2.0,Apache-2.0,no,True,"Verbatim upstream AES-GCM HLS example (byte-identical to upstream, verified)",ae1cf2561baa663b54fca35a470efbfe1024da19f27afd1a1c42d4577a526c72,ae1cf2561baa663b54fca35a470efbfe1024da19f27afd1a1c42d4577a526c72,
hls/src/project/aes128dec/test.hpp,<home>/workspace/mqnic_pciex8-AES-fromVitisLib/hls_source/aes128dec/test.hpp,AMD_VITIS_UPSTREAM,Vitis_Libraries-2022.1,"Xilinx, Inc.",Apache-2.0,Apache-2.0,no,True,"Verbatim upstream AES-GCM HLS example (byte-identical to upstream, verified)",9089af6ff0ce571078de11dea64966066849a3caceb23a15aa314110d80273c7,9089af6ff0ce571078de11dea64966066849a3caceb23a15aa314110d80273c7,
hls/src/project/aes128enc/Makefile,<home>/workspace/mqnic_pciex8-AES-fromVitisLib/hls_source/aes128enc/Makefile,AMD_VITIS_UPSTREAM,Vitis_Libraries-2022.1,"Xilinx, Inc.",Apache-2.0,Apache-2.0,no,True,"Verbatim upstream AES-GCM HLS example (byte-identical to upstream, verified)",87bf273a0b8dd8b04e17b0aa68398836cb110364b7cc2fbde4177f44c9b554a7,87bf273a0b8dd8b04e17b0aa68398836cb110364b7cc2fbde4177f44c9b554a7,
hls/src/project/aes128enc/description.json,<home>/workspace/mqnic_pciex8-AES-fromVitisLib/hls_source/aes128enc/description.json,AMD_VITIS_UPSTREAM,Vitis_Libraries-2022.1,"Xilinx, Inc.",Apache-2.0,Apache-2.0,no,True,"Verbatim upstream AES-GCM HLS example (byte-identical to upstream, verified)",c47f87c0be07b7d799bf7b857004dd756678e25523c7d3fcb4b14d1fe8ef9a4e,c47f87c0be07b7d799bf7b857004dd756678e25523c7d3fcb4b14d1fe8ef9a4e,
hls/src/project/aes128enc/gld.dat,<home>/workspace/mqnic_pciex8-AES-fromVitisLib/hls_source/aes128enc/gld.dat,AMD_VITIS_UPSTREAM,Vitis_Libraries-2022.1,"Xilinx, Inc.",Apache-2.0,Apache-2.0,no,True,"Verbatim upstream AES-GCM HLS example (byte-identical to upstream, verified)",40649055726ebbc14940fd389e0419283bc47fd448994d025cf84795167265b9,40649055726ebbc14940fd389e0419283bc47fd448994d025cf84795167265b9,
hls/src/project/aes128enc/main.cpp,<home>/workspace/mqnic_pciex8-AES-fromVitisLib/hls_source/aes128enc/main.cpp,AMD_VITIS_UPSTREAM,Vitis_Libraries-2022.1,"Xilinx, Inc.",Apache-2.0,Apache-2.0,no,True,"Verbatim upstream AES-GCM HLS example (byte-identical to upstream, verified)",b4cb24103505a23d18a2731f07d990739961a291bd79a1d3d28eb0cdd798ae38,b4cb24103505a23d18a2731f07d990739961a291bd79a1d3d28eb0cdd798ae38,
hls/src/project/aes128enc/run_hls.tcl,<home>/workspace/mqnic_pciex8-AES-fromVitisLib/hls_source/aes128enc/run_hls.tcl,AMD_VITIS_UPSTREAM,Vitis_Libraries-2022.1,"Xilinx, Inc.",Apache-2.0,Apache-2.0,no,True,"Verbatim upstream AES-GCM HLS example (byte-identical to upstream, verified)",8bf207248d05924f5d69349711337185ac5231f100ab372ea5df3ae64b3eaa33,8bf207248d05924f5d69349711337185ac5231f100ab372ea5df3ae64b3eaa33,
hls/src/project/aes128enc/settings.tcl,<home>/workspace/mqnic_pciex8-AES-fromVitisLib/hls_source/aes128enc/settings.tcl,AMD_VITIS_MODIFIED,mqnic_pciex8-AES-fromVitisLib (project config),"Xilinx, Inc. (upstream example) + Le Sun (modifications)",Apache-2.0,Apache-2.0,yes,True,Upstream example settings.tcl modified for target part and local paths; paths sanitized for publication,331916edf1ee528d83fa436b2c6fc174155fa328e148565a6a24e71ae82980eb,b8afc38d449b047c2c4c6240db8605b31c7deeb8bf121a83e0b2d226cac83a90,"Apache-2.0 header retained + ""Modified by Le Sun, 2026"" note added in release copy"
hls/src/project/aes128enc/test.cpp,<home>/workspace/mqnic_pciex8-AES-fromVitisLib/hls_source/aes128enc/test.cpp,AMD_VITIS_UPSTREAM,Vitis_Libraries-2022.1,"Xilinx, Inc.",Apache-2.0,Apache-2.0,no,True,"Verbatim upstream AES-GCM HLS example (byte-identical to upstream, verified)",13ca9ec3eb098197562da610c37a24ffad9adc6d8f04b2bab7751aaafd55bc90,13ca9ec3eb098197562da610c37a24ffad9adc6d8f04b2bab7751aaafd55bc90,
hls/src/project/aes128enc/test.hpp,<home>/workspace/mqnic_pciex8-AES-fromVitisLib/hls_source/aes128enc/test.hpp,AMD_VITIS_UPSTREAM,Vitis_Libraries-2022.1,"Xilinx, Inc.",Apache-2.0,Apache-2.0,no,True,"Verbatim upstream AES-GCM HLS example (byte-identical to upstream, verified)",a25c0a87e85a3102dd11c88161f5898bff60eaf60a5cbc0626972a0ac13c9dde,a25c0a87e85a3102dd11c88161f5898bff60eaf60a5cbc0626972a0ac13c9dde,
patches/corundum/fpga_core_macsec.patch,<home>/workspace/mqnic_gcm_codex-2-v2-2.75gbps/mqnic_gcm_codex-2/diff_fpga_core_u.patch,DOCUMENTATION_ORIGINAL,release preparation,Le Sun,BSD-2-Clause,BSD-2-Clause,n/a (author),True,Re-derived clean patch of Corundum fpga_core.v modification,9aa6bb33218143e7a20f7a964a787b916e0eee34b40183c6804966bef16b75f9,9e96b24bd698bf1b8d9a014b2a3b23a0fb0667dfc32a317e4d57e1eca200df4b,Path labels normalized to Corundum-relative paths
patches/corundum/fpga_k35_macsec.patch,<home>/workspace/mqnic_gcm_codex-2-v2-2.75gbps/mqnic_gcm_codex-2/diff_fpga_k35_u.patch,DOCUMENTATION_ORIGINAL,release preparation,Le Sun,BSD-2-Clause,BSD-2-Clause,n/a (author),True,Re-derived patch,f90d2f3047f32221884890afe1b6868aa964c72e55d115fb7cbe27f088f1f699,69853c61269a51375116a94e140ae6a14a452429286aef3947866d703b14afd1,
patches/corundum/fpga_k35_xdc_macsec.patch,<home>/workspace/mqnic_gcm_codex-2-v2-2.75gbps/mqnic_gcm_codex-2/diff_fpga_k35_xdc_u.patch,DOCUMENTATION_ORIGINAL,release preparation,Le Sun,BSD-2-Clause,BSD-2-Clause,n/a (author),True,Re-derived patch,775dca2928234fbed3dc6a81c1b06ee9fa435b94301c5831667f5311bdbc4266,62511de77eadcdfc171977dfa1149f255b51fefd6b3d8012a90b60cb4eadc5ae,
scripts/reproduce_timing_physopt.tcl,<home>/workspace/mqnic_gcm_codex-2-v2-2.75gbps/mqnic_gcm_codex-2/reproduce_timing_physopt.tcl,ORIGINAL_LE_SUN,mqnic_gcm_codex-2 (project),Le Sun,BSD-2-Clause,BSD-2-Clause,n/a (author),True,Project helper script,0014879ec99509ddbe298bc1f1df3fb494e07a2f9f0eccf631785387defbfd65,38e86356d27250bcef54a51a31f03cf3b4e4f31b19a1a726023fe25568cdca4a,BSD-2-Clause header added
scripts/sweep_postroute_physopt.tcl,<home>/workspace/mqnic_gcm_codex-2-v2-2.75gbps/mqnic_gcm_codex-2/sweep_postroute_physopt.tcl,ORIGINAL_LE_SUN,mqnic_gcm_codex-2 (project),Le Sun,BSD-2-Clause,BSD-2-Clause,n/a (author),True,Project helper script,734303985ad98b4293a689ee91c9707323661efadcad9b6ba6db988c2350ce3d,ea944925a56e0be1511e9ba6361f6dacef5db3c66c6096c5b62f00b1596a67b4,BSD-2-Clause header added
scripts/test.sh,<home>/workspace/mqnic_gcm_codex-2-v2-2.75gbps/mqnic_gcm_codex-2/test.sh,ORIGINAL_LE_SUN,mqnic_gcm_codex-2 (project),Le Sun,BSD-2-Clause,BSD-2-Clause,n/a (author),True,Project helper script,40d0cee78e7c7ebcbc215767c6af93507e607758b6a31abc895a5bb62202941c,2c9ab5251530158d27a7c6c5c7258c706a3048535e28c468c17065609bbd00e2,BSD-2-Clause header added
src/fpga/board_K35/debounce_switch.v,<home>/workspace/mqnic_gcm_codex-2-v2-2.75gbps/mqnic_gcm_codex-2/mqnic_gcm_codex.srcs/sources_1/new/debounce_switch.v,CORUNDUM_UPSTREAM,Corundum,Alex Forencich,MIT-style (per header),MIT,no,True,Board support module by Alex Forencich,02d6ba80136cb9be942347e33c43881f465acbfc4f41b6af3a32d41c86b4ef5a,02d6ba80136cb9be942347e33c43881f465acbfc4f41b6af3a32d41c86b4ef5a,
src/fpga/board_K35/defines.v,<home>/workspace/mqnic_gcm_codex-2-v2-2.75gbps/mqnic_gcm_codex-2/mqnic_gcm_codex.srcs/sources_1/imports/fpga_25g/fpga_K35/defines.v,CORUNDUM_UPSTREAM,Corundum,n/a (empty board defines),BSD-2-Clause-Views,BSD-2-Clause-Views,no,True,Empty board defines file,e3b0c44298fc1c149afbf4c8996fb92427ae41e4649b934ca495991b7852b855,e3b0c44298fc1c149afbf4c8996fb92427ae41e4649b934ca495991b7852b855,
src/fpga/common/cpl_op_mux.v,<home>/workspace/mqnic_gcm_codex-2-v2-2.75gbps/mqnic_gcm_codex-2/mqnic_gcm_codex.srcs/sources_1/imports/fpga_25g/rtl/common/cpl_op_mux.v,CORUNDUM_UPSTREAM,Corundum,The Regents of the University of California / Alex Forencich,BSD-2-Clause-Views,BSD-2-Clause-Views,no,True,Unmodified Corundum common RTL,00bf9c1463110f13380766e4bee089617552280730be4a15d62500ffdbe29d72,00bf9c1463110f13380766e4bee089617552280730be4a15d62500ffdbe29d72,
src/fpga/common/cpl_queue_manager.v,<home>/workspace/mqnic_gcm_codex-2-v2-2.75gbps/mqnic_gcm_codex-2/mqnic_gcm_codex.srcs/sources_1/imports/fpga_25g/rtl/common/cpl_queue_manager.v,CORUNDUM_UPSTREAM,Corundum,The Regents of the University of California / Alex Forencich,BSD-2-Clause-Views,BSD-2-Clause-Views,no,True,Unmodified Corundum common RTL,1fd90351f92575064c732afbc1c39833dd7b8ce0f102797c32448ce0175e9db4,1fd90351f92575064c732afbc1c39833dd7b8ce0f102797c32448ce0175e9db4,
src/fpga/common/cpl_write.v,<home>/workspace/mqnic_gcm_codex-2-v2-2.75gbps/mqnic_gcm_codex-2/mqnic_gcm_codex.srcs/sources_1/imports/fpga_25g/rtl/common/cpl_write.v,CORUNDUM_UPSTREAM,Corundum,The Regents of the University of California / Alex Forencich,BSD-2-Clause-Views,BSD-2-Clause-Views,no,True,Unmodified Corundum common RTL,243955700e8e90bec64ec038d8f197f7ce9b44fe5ef285268221c36434c0e79b,243955700e8e90bec64ec038d8f197f7ce9b44fe5ef285268221c36434c0e79b,
src/fpga/common/desc_fetch.v,<home>/workspace/mqnic_gcm_codex-2-v2-2.75gbps/mqnic_gcm_codex-2/mqnic_gcm_codex.srcs/sources_1/imports/fpga_25g/rtl/common/desc_fetch.v,CORUNDUM_UPSTREAM,Corundum,The Regents of the University of California / Alex Forencich,BSD-2-Clause-Views,BSD-2-Clause-Views,no,True,Unmodified Corundum common RTL,737b061f564b476037aa3050a4aba05721baa20720927f688b4d46e83f072285,737b061f564b476037aa3050a4aba05721baa20720927f688b4d46e83f072285,
src/fpga/common/desc_op_mux.v,<home>/workspace/mqnic_gcm_codex-2-v2-2.75gbps/mqnic_gcm_codex-2/mqnic_gcm_codex.srcs/sources_1/imports/fpga_25g/rtl/common/desc_op_mux.v,CORUNDUM_UPSTREAM,Corundum,The Regents of the University of California / Alex Forencich,BSD-2-Clause-Views,BSD-2-Clause-Views,no,True,Unmodified Corundum common RTL,54409b42fdb36c075d0570307febcfbccf7e0126501434f0c0fdb0b12806677a,54409b42fdb36c075d0570307febcfbccf7e0126501434f0c0fdb0b12806677a,
src/fpga/common/eth_xcvr_phy_10g_gty_quad_wrapper.v,<home>/workspace/mqnic_gcm_codex-2-v2-2.75gbps/mqnic_gcm_codex-2/mqnic_gcm_codex.srcs/sources_1/imports/fpga_25g/rtl/common/eth_xcvr_phy_10g_gty_quad_wrapper.v,CORUNDUM_UPSTREAM,Corundum,The Regents of the University of California / Alex Forencich,BSD-2-Clause-Views,BSD-2-Clause-Views,no,True,Unmodified Corundum common RTL,45d3a7b43594adaf953595d5d2bf11c96b015ccab243fb8d08d2bdeaa29d31cb,45d3a7b43594adaf953595d5d2bf11c96b015ccab243fb8d08d2bdeaa29d31cb,
src/fpga/common/eth_xcvr_phy_10g_gty_wrapper.v,<home>/workspace/mqnic_gcm_codex-2-v2-2.75gbps/mqnic_gcm_codex-2/mqnic_gcm_codex.srcs/sources_1/imports/fpga_25g/rtl/common/eth_xcvr_phy_10g_gty_wrapper.v,CORUNDUM_UPSTREAM,Corundum,The Regents of the University of California / Alex Forencich,BSD-2-Clause-Views,BSD-2-Clause-Views,no,True,Unmodified Corundum common RTL,19539f26ae112a4ce9e3e1781fd0f2a6c872cc5cf6a61aac571e83d1b7d640a7,19539f26ae112a4ce9e3e1781fd0f2a6c872cc5cf6a61aac571e83d1b7d640a7,
src/fpga/common/i2c_single_reg.v,<home>/workspace/mqnic_gcm_codex-2-v2-2.75gbps/mqnic_gcm_codex-2/mqnic_gcm_codex.srcs/sources_1/imports/fpga_25g/rtl/common/i2c_single_reg.v,CORUNDUM_UPSTREAM,Corundum,The Regents of the University of California / Alex Forencich,BSD-2-Clause-Views,BSD-2-Clause-Views,no,True,Unmodified Corundum common RTL,a3f318a08f5eed06443fe4dbd56d2dd75fd453f670f15826cea216bf196d2e98,a3f318a08f5eed06443fe4dbd56d2dd75fd453f670f15826cea216bf196d2e98,
src/fpga/common/mqnic_core.v,<home>/workspace/mqnic_gcm_codex-2-v2-2.75gbps/mqnic_gcm_codex-2/mqnic_gcm_codex.srcs/sources_1/imports/fpga_25g/rtl/common/mqnic_core.v,CORUNDUM_UPSTREAM,Corundum,The Regents of the University of California / Alex Forencich,BSD-2-Clause-Views,BSD-2-Clause-Views,no,True,Unmodified Corundum common RTL,655cbf64fdf6b49caf305488880cd85e53250d86d47ba91666fde037eb1d0275,655cbf64fdf6b49caf305488880cd85e53250d86d47ba91666fde037eb1d0275,
src/fpga/common/mqnic_core_pcie.v,<home>/workspace/mqnic_gcm_codex-2-v2-2.75gbps/mqnic_gcm_codex-2/mqnic_gcm_codex.srcs/sources_1/imports/fpga_25g/rtl/common/mqnic_core_pcie.v,CORUNDUM_UPSTREAM,Corundum,The Regents of the University of California / Alex Forencich,BSD-2-Clause-Views,BSD-2-Clause-Views,no,True,Unmodified Corundum common RTL,3380da8e7e584096416b7663ea25e77f349ce63db740b1ea997aa886ac1cd848,3380da8e7e584096416b7663ea25e77f349ce63db740b1ea997aa886ac1cd848,
src/fpga/common/mqnic_core_pcie_us.v,<home>/workspace/mqnic_gcm_codex-2-v2-2.75gbps/mqnic_gcm_codex-2/mqnic_gcm_codex.srcs/sources_1/imports/fpga_25g/rtl/common/mqnic_core_pcie_us.v,CORUNDUM_UPSTREAM,Corundum,The Regents of the University of California / Alex Forencich,BSD-2-Clause-Views,BSD-2-Clause-Views,no,True,Unmodified Corundum common RTL,604007eb50bdd7ed58d64b9af9845e54772eb928d8c64d58b238f53278eb3af0,604007eb50bdd7ed58d64b9af9845e54772eb928d8c64d58b238f53278eb3af0,
src/fpga/common/mqnic_egress.v,<home>/workspace/mqnic_gcm_codex-2-v2-2.75gbps/mqnic_gcm_codex-2/mqnic_gcm_codex.srcs/sources_1/imports/fpga_25g/rtl/common/mqnic_egress.v,CORUNDUM_UPSTREAM,Corundum,The Regents of the University of California / Alex Forencich,BSD-2-Clause-Views,BSD-2-Clause-Views,no,True,Unmodified Corundum common RTL,a2cfad7c7558ddcfc139868228c9bd3595ecd9b2bede07271c6a801771da4e6c,a2cfad7c7558ddcfc139868228c9bd3595ecd9b2bede07271c6a801771da4e6c,
src/fpga/common/mqnic_ingress.v,<home>/workspace/mqnic_gcm_codex-2-v2-2.75gbps/mqnic_gcm_codex-2/mqnic_gcm_codex.srcs/sources_1/imports/fpga_25g/rtl/common/mqnic_ingress.v,CORUNDUM_UPSTREAM,Corundum,The Regents of the University of California / Alex Forencich,BSD-2-Clause-Views,BSD-2-Clause-Views,no,True,Unmodified Corundum common RTL,f65349dd9dee5eaa7f035e88ffec6840913ab7776aef22c245f69b2703645356,f65349dd9dee5eaa7f035e88ffec6840913ab7776aef22c245f69b2703645356,
src/fpga/common/mqnic_interface.v,<home>/workspace/mqnic_gcm_codex-2-v2-2.75gbps/mqnic_gcm_codex-2/mqnic_gcm_codex.srcs/sources_1/imports/fpga_25g/rtl/common/mqnic_interface.v,CORUNDUM_UPSTREAM,Corundum,The Regents of the University of California / Alex Forencich,BSD-2-Clause-Views,BSD-2-Clause-Views,no,True,Unmodified Corundum common RTL,a0b0652d828162f1c6d2c6eeba70e1a13bee6f550ed91a7d426a3157970c20a8,a0b0652d828162f1c6d2c6eeba70e1a13bee6f550ed91a7d426a3157970c20a8,
src/fpga/common/mqnic_interface_rx.v,<home>/workspace/mqnic_gcm_codex-2-v2-2.75gbps/mqnic_gcm_codex-2/mqnic_gcm_codex.srcs/sources_1/imports/fpga_25g/rtl/common/mqnic_interface_rx.v,CORUNDUM_UPSTREAM,Corundum,The Regents of the University of California / Alex Forencich,BSD-2-Clause-Views,BSD-2-Clause-Views,no,True,Unmodified Corundum common RTL,4d02c654c072cd06c39c1e03ebdb99ce3af88f779d0dc244f349a1581a7563e0,4d02c654c072cd06c39c1e03ebdb99ce3af88f779d0dc244f349a1581a7563e0,
src/fpga/common/mqnic_interface_tx.v,<home>/workspace/mqnic_gcm_codex-2-v2-2.75gbps/mqnic_gcm_codex-2/mqnic_gcm_codex.srcs/sources_1/imports/fpga_25g/rtl/common/mqnic_interface_tx.v,CORUNDUM_UPSTREAM,Corundum,The Regents of the University of California / Alex Forencich,BSD-2-Clause-Views,BSD-2-Clause-Views,no,True,Unmodified Corundum common RTL,6b84b887560489ccff032e072ad998cfd353211463a66efcdc7a46c82553cca4,6b84b887560489ccff032e072ad998cfd353211463a66efcdc7a46c82553cca4,
src/fpga/common/mqnic_l2_egress.v,<home>/workspace/mqnic_gcm_codex-2-v2-2.75gbps/mqnic_gcm_codex-2/mqnic_gcm_codex.srcs/sources_1/imports/fpga_25g/rtl/common/mqnic_l2_egress.v,CORUNDUM_UPSTREAM,Corundum,The Regents of the University of California / Alex Forencich,BSD-2-Clause-Views,BSD-2-Clause-Views,no,True,Unmodified Corundum common RTL,4ccb720835b9e9fca9ec0b1b131375bc84ee7b74d65688f2626985e629f2db90,4ccb720835b9e9fca9ec0b1b131375bc84ee7b74d65688f2626985e629f2db90,
src/fpga/common/mqnic_l2_ingress.v,<home>/workspace/mqnic_gcm_codex-2-v2-2.75gbps/mqnic_gcm_codex-2/mqnic_gcm_codex.srcs/sources_1/imports/fpga_25g/rtl/common/mqnic_l2_ingress.v,CORUNDUM_UPSTREAM,Corundum,The Regents of the University of California / Alex Forencich,BSD-2-Clause-Views,BSD-2-Clause-Views,no,True,Unmodified Corundum common RTL,477726bace1bd0d09152a8fbbbd0e4d563640ead2338a50fb80beff52b8ac4a8,477726bace1bd0d09152a8fbbbd0e4d563640ead2338a50fb80beff52b8ac4a8,
src/fpga/common/mqnic_port.v,<home>/workspace/mqnic_gcm_codex-2-v2-2.75gbps/mqnic_gcm_codex-2/mqnic_gcm_codex.srcs/sources_1/imports/fpga_25g/rtl/common/mqnic_port.v,CORUNDUM_UPSTREAM,Corundum,The Regents of the University of California / Alex Forencich,BSD-2-Clause-Views,BSD-2-Clause-Views,no,True,Unmodified Corundum common RTL,08453b7781cbea80aaa4810a1a2631f3862bd34221fce0f10faef8f1b8bdb40c,08453b7781cbea80aaa4810a1a2631f3862bd34221fce0f10faef8f1b8bdb40c,
src/fpga/common/mqnic_port_map_phy_xgmii.v,<home>/workspace/mqnic_gcm_codex-2-v2-2.75gbps/mqnic_gcm_codex-2/mqnic_gcm_codex.srcs/sources_1/imports/fpga_25g/rtl/common/mqnic_port_map_phy_xgmii.v,CORUNDUM_UPSTREAM,Corundum,The Regents of the University of California / Alex Forencich,BSD-2-Clause-Views,BSD-2-Clause-Views,no,True,Unmodified Corundum common RTL,3edee6810aa8d647042474132291590fc57d2ed74058fed22808f6631f8f826a,3edee6810aa8d647042474132291590fc57d2ed74058fed22808f6631f8f826a,
src/fpga/common/mqnic_port_rx.v,<home>/workspace/mqnic_gcm_codex-2-v2-2.75gbps/mqnic_gcm_codex-2/mqnic_gcm_codex.srcs/sources_1/imports/fpga_25g/rtl/common/mqnic_port_rx.v,CORUNDUM_UPSTREAM,Corundum,The Regents of the University of California / Alex Forencich,BSD-2-Clause-Views,BSD-2-Clause-Views,no,True,Unmodified Corundum common RTL,8338b791a5da9f2359a4bed5de8ebf5fb59753a3fbcd1ba2ad6de4a9991019d9,8338b791a5da9f2359a4bed5de8ebf5fb59753a3fbcd1ba2ad6de4a9991019d9,
src/fpga/common/mqnic_port_tx.v,<home>/workspace/mqnic_gcm_codex-2-v2-2.75gbps/mqnic_gcm_codex-2/mqnic_gcm_codex.srcs/sources_1/imports/fpga_25g/rtl/common/mqnic_port_tx.v,CORUNDUM_UPSTREAM,Corundum,The Regents of the University of California / Alex Forencich,BSD-2-Clause-Views,BSD-2-Clause-Views,no,True,Unmodified Corundum common RTL,bed4ef829b9f391b2747c8f8db3121c6f1887a440afad9120d5423318297122b,bed4ef829b9f391b2747c8f8db3121c6f1887a440afad9120d5423318297122b,
src/fpga/common/mqnic_ptp.v,<home>/workspace/mqnic_gcm_codex-2-v2-2.75gbps/mqnic_gcm_codex-2/mqnic_gcm_codex.srcs/sources_1/imports/fpga_25g/rtl/common/mqnic_ptp.v,CORUNDUM_UPSTREAM,Corundum,The Regents of the University of California / Alex Forencich,BSD-2-Clause-Views,BSD-2-Clause-Views,no,True,Unmodified Corundum common RTL,121d751e9bd0ddb882b73b008fb785f1bc514847fbaeb7c5fc7a889561a041ed,121d751e9bd0ddb882b73b008fb785f1bc514847fbaeb7c5fc7a889561a041ed,
src/fpga/common/mqnic_ptp_clock.v,<home>/workspace/mqnic_gcm_codex-2-v2-2.75gbps/mqnic_gcm_codex-2/mqnic_gcm_codex.srcs/sources_1/imports/fpga_25g/rtl/common/mqnic_ptp_clock.v,CORUNDUM_UPSTREAM,Corundum,The Regents of the University of California / Alex Forencich,BSD-2-Clause-Views,BSD-2-Clause-Views,no,True,Unmodified Corundum common RTL,481eac6408cdc87f00f7ee1afec1e57ad4be9d51103234016768a36f9a72eb7e,481eac6408cdc87f00f7ee1afec1e57ad4be9d51103234016768a36f9a72eb7e,
src/fpga/common/mqnic_ptp_perout.v,<home>/workspace/mqnic_gcm_codex-2-v2-2.75gbps/mqnic_gcm_codex-2/mqnic_gcm_codex.srcs/sources_1/imports/fpga_25g/rtl/common/mqnic_ptp_perout.v,CORUNDUM_UPSTREAM,Corundum,The Regents of the University of California / Alex Forencich,BSD-2-Clause-Views,BSD-2-Clause-Views,no,True,Unmodified Corundum common RTL,6cdb7dcffa90597d25f90cdd257241f542650c1661a77eedef94fb201a2b9abf,6cdb7dcffa90597d25f90cdd257241f542650c1661a77eedef94fb201a2b9abf,
src/fpga/common/mqnic_rb_clk_info.v,<home>/workspace/mqnic_gcm_codex-2-v2-2.75gbps/mqnic_gcm_codex-2/mqnic_gcm_codex.srcs/sources_1/imports/fpga_25g/rtl/common/mqnic_rb_clk_info.v,CORUNDUM_UPSTREAM,Corundum,The Regents of the University of California / Alex Forencich,BSD-2-Clause-Views,BSD-2-Clause-Views,no,True,Unmodified Corundum common RTL,bc2e66433ea43be5d125d4aebdc765b9eec46145936fbf95a6304a83e60d3b26,bc2e66433ea43be5d125d4aebdc765b9eec46145936fbf95a6304a83e60d3b26,
src/fpga/common/mqnic_rx_queue_map.v,<home>/workspace/mqnic_gcm_codex-2-v2-2.75gbps/mqnic_gcm_codex-2/mqnic_gcm_codex.srcs/sources_1/imports/fpga_25g/rtl/common/mqnic_rx_queue_map.v,CORUNDUM_UPSTREAM,Corundum,The Regents of the University of California / Alex Forencich,BSD-2-Clause-Views,BSD-2-Clause-Views,no,True,Unmodified Corundum common RTL,ef4b73635e9e3b4d17a93400bdd349fd8fe2a08142c42357a8898166df725655,ef4b73635e9e3b4d17a93400bdd349fd8fe2a08142c42357a8898166df725655,
src/fpga/common/mqnic_tx_scheduler_block_rr.v,<home>/workspace/mqnic_gcm_codex-2-v2-2.75gbps/mqnic_gcm_codex-2/mqnic_gcm_codex.srcs/sources_1/imports/fpga_25g/rtl/common/mqnic_tx_scheduler_block_rr.v,CORUNDUM_UPSTREAM,Corundum,The Regents of the University of California / Alex Forencich,BSD-2-Clause-Views,BSD-2-Clause-Views,no,True,Unmodified Corundum common RTL,69a3eaaccd3cd228a5f56b864087f3600eddabfa289e7141565be1c7c077ef0c,69a3eaaccd3cd228a5f56b864087f3600eddabfa289e7141565be1c7c077ef0c,
src/fpga/common/queue_manager.v,<home>/workspace/mqnic_gcm_codex-2-v2-2.75gbps/mqnic_gcm_codex-2/mqnic_gcm_codex.srcs/sources_1/imports/fpga_25g/rtl/common/queue_manager.v,CORUNDUM_UPSTREAM,Corundum,The Regents of the University of California / Alex Forencich,BSD-2-Clause-Views,BSD-2-Clause-Views,no,True,Unmodified Corundum common RTL,c940b75bcb3f811fa0bbf6b5831b75881c3d2ad80417920ac8073e242e4d5e3e,c940b75bcb3f811fa0bbf6b5831b75881c3d2ad80417920ac8073e242e4d5e3e,
src/fpga/common/rb_drp.v,<home>/workspace/mqnic_gcm_codex-2-v2-2.75gbps/mqnic_gcm_codex-2/mqnic_gcm_codex.srcs/sources_1/imports/fpga_25g/rtl/common/rb_drp.v,CORUNDUM_UPSTREAM,Corundum,The Regents of the University of California / Alex Forencich,BSD-2-Clause-Views,BSD-2-Clause-Views,no,True,Unmodified Corundum common RTL,fca16c7e298a6cb18ca23faeb5e40a903cd3a23633f98dc2ad6f22839a3bd1c3,fca16c7e298a6cb18ca23faeb5e40a903cd3a23633f98dc2ad6f22839a3bd1c3,
src/fpga/common/rx_checksum.v,<home>/workspace/mqnic_gcm_codex-2-v2-2.75gbps/mqnic_gcm_codex-2/mqnic_gcm_codex.srcs/sources_1/imports/fpga_25g/rtl/common/rx_checksum.v,CORUNDUM_UPSTREAM,Corundum,The Regents of the University of California / Alex Forencich,BSD-2-Clause-Views,BSD-2-Clause-Views,no,True,Unmodified Corundum common RTL,be027f25d0560152706f64981e2c925a888a580d6f51986864c8f4f8accbb0ab,be027f25d0560152706f64981e2c925a888a580d6f51986864c8f4f8accbb0ab,
src/fpga/common/rx_engine.v,<home>/workspace/mqnic_gcm_codex-2-v2-2.75gbps/mqnic_gcm_codex-2/mqnic_gcm_codex.srcs/sources_1/imports/fpga_25g/rtl/common/rx_engine.v,CORUNDUM_UPSTREAM,Corundum,The Regents of the University of California / Alex Forencich,BSD-2-Clause-Views,BSD-2-Clause-Views,no,True,Unmodified Corundum common RTL,e56231ae1e7ead37bec5364fd1043a899797f7ad86892b0d40ea3642816fcfff,e56231ae1e7ead37bec5364fd1043a899797f7ad86892b0d40ea3642816fcfff,
src/fpga/common/rx_fifo.v,<home>/workspace/mqnic_gcm_codex-2-v2-2.75gbps/mqnic_gcm_codex-2/mqnic_gcm_codex.srcs/sources_1/imports/fpga_25g/rtl/common/rx_fifo.v,CORUNDUM_UPSTREAM,Corundum,The Regents of the University of California / Alex Forencich,BSD-2-Clause-Views,BSD-2-Clause-Views,no,True,Unmodified Corundum common RTL,e9d4a43ed2ec595ef4cc9ea2dedd3f8d769ef635cb36f079743bec75474392cc,e9d4a43ed2ec595ef4cc9ea2dedd3f8d769ef635cb36f079743bec75474392cc,
src/fpga/common/rx_hash.v,<home>/workspace/mqnic_gcm_codex-2-v2-2.75gbps/mqnic_gcm_codex-2/mqnic_gcm_codex.srcs/sources_1/imports/fpga_25g/rtl/common/rx_hash.v,CORUNDUM_UPSTREAM,Corundum,The Regents of the University of California / Alex Forencich,BSD-2-Clause-Views,BSD-2-Clause-Views,no,True,Unmodified Corundum common RTL,38cf3e5058ddf3a900717e89f80c654f361389cc16c02a52089b2a2c1f27e8d5,38cf3e5058ddf3a900717e89f80c654f361389cc16c02a52089b2a2c1f27e8d5,
src/fpga/common/stats_collect.v,<home>/workspace/mqnic_gcm_codex-2-v2-2.75gbps/mqnic_gcm_codex-2/mqnic_gcm_codex.srcs/sources_1/imports/fpga_25g/rtl/common/stats_collect.v,CORUNDUM_UPSTREAM,Corundum,The Regents of the University of California / Alex Forencich,BSD-2-Clause-Views,BSD-2-Clause-Views,no,True,Unmodified Corundum common RTL,f6194c56986445e887c647b29cd721d84d82a2ea53fa41801cbc1c91cf6371a1,f6194c56986445e887c647b29cd721d84d82a2ea53fa41801cbc1c91cf6371a1,
src/fpga/common/stats_counter.v,<home>/workspace/mqnic_gcm_codex-2-v2-2.75gbps/mqnic_gcm_codex-2/mqnic_gcm_codex.srcs/sources_1/imports/fpga_25g/rtl/common/stats_counter.v,CORUNDUM_UPSTREAM,Corundum,The Regents of the University of California / Alex Forencich,BSD-2-Clause-Views,BSD-2-Clause-Views,no,True,Unmodified Corundum common RTL,63f77dea123d1414482cd2ddb3942f6f55550824034f42b81d4875acd7a4b7bf,63f77dea123d1414482cd2ddb3942f6f55550824034f42b81d4875acd7a4b7bf,
src/fpga/common/stats_dma_if_pcie.v,<home>/workspace/mqnic_gcm_codex-2-v2-2.75gbps/mqnic_gcm_codex-2/mqnic_gcm_codex.srcs/sources_1/imports/fpga_25g/rtl/common/stats_dma_if_pcie.v,CORUNDUM_UPSTREAM,Corundum,The Regents of the University of California / Alex Forencich,BSD-2-Clause-Views,BSD-2-Clause-Views,no,True,Unmodified Corundum common RTL,613eef6e64b275ff5e81aff745d045d4ef1664775d687468456370911b5525c8,613eef6e64b275ff5e81aff745d045d4ef1664775d687468456370911b5525c8,
src/fpga/common/stats_dma_latency.v,<home>/workspace/mqnic_gcm_codex-2-v2-2.75gbps/mqnic_gcm_codex-2/mqnic_gcm_codex.srcs/sources_1/imports/fpga_25g/rtl/common/stats_dma_latency.v,CORUNDUM_UPSTREAM,Corundum,The Regents of the University of California / Alex Forencich,BSD-2-Clause-Views,BSD-2-Clause-Views,no,True,Unmodified Corundum common RTL,e5b70e982267dd4b02ccbc419d6992c135c2574054bf29f15bb9860f21134839,e5b70e982267dd4b02ccbc419d6992c135c2574054bf29f15bb9860f21134839,
src/fpga/common/stats_pcie_if.v,<home>/workspace/mqnic_gcm_codex-2-v2-2.75gbps/mqnic_gcm_codex-2/mqnic_gcm_codex.srcs/sources_1/imports/fpga_25g/rtl/common/stats_pcie_if.v,CORUNDUM_UPSTREAM,Corundum,The Regents of the University of California / Alex Forencich,BSD-2-Clause-Views,BSD-2-Clause-Views,no,True,Unmodified Corundum common RTL,2b14d9e488be96f093abba637ddc26d008100fd743c9041d73b9d2a9fb771a2f,2b14d9e488be96f093abba637ddc26d008100fd743c9041d73b9d2a9fb771a2f,
src/fpga/common/stats_pcie_tlp.v,<home>/workspace/mqnic_gcm_codex-2-v2-2.75gbps/mqnic_gcm_codex-2/mqnic_gcm_codex.srcs/sources_1/imports/fpga_25g/rtl/common/stats_pcie_tlp.v,CORUNDUM_UPSTREAM,Corundum,The Regents of the University of California / Alex Forencich,BSD-2-Clause-Views,BSD-2-Clause-Views,no,True,Unmodified Corundum common RTL,0b776237ff16384388a54fda9b64b27e2dd4d77c67049e77afadb3867216c733,0b776237ff16384388a54fda9b64b27e2dd4d77c67049e77afadb3867216c733,
src/fpga/common/tdma_ber.v,<home>/workspace/mqnic_gcm_codex-2-v2-2.75gbps/mqnic_gcm_codex-2/mqnic_gcm_codex.srcs/sources_1/imports/fpga_25g/rtl/common/tdma_ber.v,CORUNDUM_UPSTREAM,Corundum,The Regents of the University of California / Alex Forencich,BSD-2-Clause-Views,BSD-2-Clause-Views,no,True,Unmodified Corundum common RTL,78d9d5e9d3f5ab1b74bc58d9b61ed9f11e53f8a4cbfd2d3f86b9ae75701e7c75,78d9d5e9d3f5ab1b74bc58d9b61ed9f11e53f8a4cbfd2d3f86b9ae75701e7c75,
src/fpga/common/tdma_ber_ch.v,<home>/workspace/mqnic_gcm_codex-2-v2-2.75gbps/mqnic_gcm_codex-2/mqnic_gcm_codex.srcs/sources_1/imports/fpga_25g/rtl/common/tdma_ber_ch.v,CORUNDUM_UPSTREAM,Corundum,The Regents of the University of California / Alex Forencich,BSD-2-Clause-Views,BSD-2-Clause-Views,no,True,Unmodified Corundum common RTL,708fb6736f342c97118ed7ec58eec6b6c22289607ee844db37ba15fcb72d7f43,708fb6736f342c97118ed7ec58eec6b6c22289607ee844db37ba15fcb72d7f43,
src/fpga/common/tdma_scheduler.v,<home>/workspace/mqnic_gcm_codex-2-v2-2.75gbps/mqnic_gcm_codex-2/mqnic_gcm_codex.srcs/sources_1/imports/fpga_25g/rtl/common/tdma_scheduler.v,CORUNDUM_UPSTREAM,Corundum,The Regents of the University of California / Alex Forencich,BSD-2-Clause-Views,BSD-2-Clause-Views,no,True,Unmodified Corundum common RTL,474bbdfdc8c3c1ad147898a898cc0fcafc92672e9704d9b8470c1687a79228a2,474bbdfdc8c3c1ad147898a898cc0fcafc92672e9704d9b8470c1687a79228a2,
src/fpga/common/tx_checksum.v,<home>/workspace/mqnic_gcm_codex-2-v2-2.75gbps/mqnic_gcm_codex-2/mqnic_gcm_codex.srcs/sources_1/imports/fpga_25g/rtl/common/tx_checksum.v,CORUNDUM_UPSTREAM,Corundum,The Regents of the University of California / Alex Forencich,BSD-2-Clause-Views,BSD-2-Clause-Views,no,True,Unmodified Corundum common RTL,2d5d1b885daf9a77e0121b39b9b21dbef17d8b2716571a47c659e0f14b241386,2d5d1b885daf9a77e0121b39b9b21dbef17d8b2716571a47c659e0f14b241386,
src/fpga/common/tx_engine.v,<home>/workspace/mqnic_gcm_codex-2-v2-2.75gbps/mqnic_gcm_codex-2/mqnic_gcm_codex.srcs/sources_1/imports/fpga_25g/rtl/common/tx_engine.v,CORUNDUM_UPSTREAM,Corundum,The Regents of the University of California / Alex Forencich,BSD-2-Clause-Views,BSD-2-Clause-Views,no,True,Unmodified Corundum common RTL,cc5f1f5b22d0b65f9e3454f521ec99f7a13f72b4d9339cffe60d2538291772da,cc5f1f5b22d0b65f9e3454f521ec99f7a13f72b4d9339cffe60d2538291772da,
src/fpga/common/tx_fifo.v,<home>/workspace/mqnic_gcm_codex-2-v2-2.75gbps/mqnic_gcm_codex-2/mqnic_gcm_codex.srcs/sources_1/imports/fpga_25g/rtl/common/tx_fifo.v,CORUNDUM_UPSTREAM,Corundum,The Regents of the University of California / Alex Forencich,BSD-2-Clause-Views,BSD-2-Clause-Views,no,True,Unmodified Corundum common RTL,55c59ff85289afa911f1e10ed4eda2b736627221dc0622982585ad0bbd84acd6,55c59ff85289afa911f1e10ed4eda2b736627221dc0622982585ad0bbd84acd6,
src/fpga/common/tx_req_mux.v,<home>/workspace/mqnic_gcm_codex-2-v2-2.75gbps/mqnic_gcm_codex-2/mqnic_gcm_codex.srcs/sources_1/imports/fpga_25g/rtl/common/tx_req_mux.v,CORUNDUM_UPSTREAM,Corundum,The Regents of the University of California / Alex Forencich,BSD-2-Clause-Views,BSD-2-Clause-Views,no,True,Unmodified Corundum common RTL,86072c0e5175f13ee59a7ca57dcccdf85f7c0fcc5b023be991275c2c8c06e9ac,86072c0e5175f13ee59a7ca57dcccdf85f7c0fcc5b023be991275c2c8c06e9ac,
src/fpga/common/tx_scheduler_rr.v,<home>/workspace/mqnic_gcm_codex-2-v2-2.75gbps/mqnic_gcm_codex-2/mqnic_gcm_codex.srcs/sources_1/imports/fpga_25g/rtl/common/tx_scheduler_rr.v,CORUNDUM_UPSTREAM,Corundum,The Regents of the University of California / Alex Forencich,BSD-2-Clause-Views,BSD-2-Clause-Views,no,True,Unmodified Corundum common RTL,fdfe75f525e99f6c46290db58638fe0de17e248df9e9cb87c092d1a648e78765,fdfe75f525e99f6c46290db58638fe0de17e248df9e9cb87c092d1a648e78765,
src/fpga/fpga_core.v,<home>/workspace/mqnic_gcm_codex-2-v2-2.75gbps/mqnic_gcm_codex-2/mqnic_gcm_codex.srcs/sources_1/imports/fpga_25g/rtl/fpga_core.v,CORUNDUM_MODIFIED,Corundum + Le Sun,The Regents of the University of California,BSD-2-Clause-Views,BSD-2-Clause-Views,yes,True,MACsec integration into Corundum fpga_core; patch in patches/corundum/,f14102bae09534f84fb6e199740277a81ae7d1b708b2da7d2750db4cd1a2191d,1b225b250c2988082a55aa9c256921c782d6c1dfb19e1d3302a5110641c1d274,Modification note added; original Corundum copyright retained
src/fpga/fpga_k35.v,<home>/workspace/mqnic_gcm_codex-2-v2-2.75gbps/mqnic_gcm_codex-2/mqnic_gcm_codex.srcs/sources_1/imports/fpga_25g/rtl/fpga_k35.v,CORUNDUM_MODIFIED,Corundum + Le Sun,The Regents of the University of California,BSD-2-Clause-Views,BSD-2-Clause-Views,yes,True,"MACsec clock wiring, SFP count param, PCIe x8 widths",cb58af9d25f272fbd4c68f27a7880153ccb5c383ce5c2ec953cd039cb8507620,9365bd4ad95eedb11da59d15ac3c6908de5aafae2727969b24634adb7e447d3c,Modification note added
src/fpga/lib/axi/arbiter.v,<home>/workspace/mqnic_gcm_codex-2-v2-2.75gbps/mqnic_gcm_codex-2/mqnic_gcm_codex.srcs/sources_1/imports/fpga_25g/lib/axi/rtl/arbiter.v,CORUNDUM_UPSTREAM,Corundum,The Regents of the University of California / Alex Forencich,BSD-2-Clause-Views,BSD-2-Clause-Views,no,True,Unmodified Corundum lib RTL,a001507c82843e36e133dea75491fc044f56660fac0aff0127cf3afec7f927e0,a001507c82843e36e133dea75491fc044f56660fac0aff0127cf3afec7f927e0,
src/fpga/lib/axi/axil_crossbar.v,<home>/workspace/mqnic_gcm_codex-2-v2-2.75gbps/mqnic_gcm_codex-2/mqnic_gcm_codex.srcs/sources_1/imports/fpga_25g/lib/axi/rtl/axil_crossbar.v,CORUNDUM_UPSTREAM,Corundum,The Regents of the University of California / Alex Forencich,BSD-2-Clause-Views,BSD-2-Clause-Views,no,True,Unmodified Corundum lib RTL,f48acdb965988038196bc0742f2f18174a1ecd35386a061f634bc64ccf6adb27,f48acdb965988038196bc0742f2f18174a1ecd35386a061f634bc64ccf6adb27,
src/fpga/lib/axi/axil_crossbar_addr.v,<home>/workspace/mqnic_gcm_codex-2-v2-2.75gbps/mqnic_gcm_codex-2/mqnic_gcm_codex.srcs/sources_1/imports/fpga_25g/lib/axi/rtl/axil_crossbar_addr.v,CORUNDUM_UPSTREAM,Corundum,The Regents of the University of California / Alex Forencich,BSD-2-Clause-Views,BSD-2-Clause-Views,no,True,Unmodified Corundum lib RTL,a687cef2780b571b1a1b85746e4e093d0d7131d77bf9d6c610f333b0e27480c0,a687cef2780b571b1a1b85746e4e093d0d7131d77bf9d6c610f333b0e27480c0,
src/fpga/lib/axi/axil_crossbar_rd.v,<home>/workspace/mqnic_gcm_codex-2-v2-2.75gbps/mqnic_gcm_codex-2/mqnic_gcm_codex.srcs/sources_1/imports/fpga_25g/lib/axi/rtl/axil_crossbar_rd.v,CORUNDUM_UPSTREAM,Corundum,The Regents of the University of California / Alex Forencich,BSD-2-Clause-Views,BSD-2-Clause-Views,no,True,Unmodified Corundum lib RTL,b43f1a86164949e78e01e29864c9a2cad5bd442be8356231d2993beaeb3d4e99,b43f1a86164949e78e01e29864c9a2cad5bd442be8356231d2993beaeb3d4e99,
src/fpga/lib/axi/axil_crossbar_wr.v,<home>/workspace/mqnic_gcm_codex-2-v2-2.75gbps/mqnic_gcm_codex-2/mqnic_gcm_codex.srcs/sources_1/imports/fpga_25g/lib/axi/rtl/axil_crossbar_wr.v,CORUNDUM_UPSTREAM,Corundum,The Regents of the University of California / Alex Forencich,BSD-2-Clause-Views,BSD-2-Clause-Views,no,True,Unmodified Corundum lib RTL,6b415d4d265a6694810913b67f62f93bd01128c59afe962d2784d45b9f310663,6b415d4d265a6694810913b67f62f93bd01128c59afe962d2784d45b9f310663,
src/fpga/lib/axi/axil_interconnect.v,<home>/workspace/mqnic_gcm_codex-2-v2-2.75gbps/mqnic_gcm_codex-2/mqnic_gcm_codex.srcs/sources_1/imports/fpga_25g/lib/axi/rtl/axil_interconnect.v,CORUNDUM_UPSTREAM,Corundum,The Regents of the University of California / Alex Forencich,BSD-2-Clause-Views,BSD-2-Clause-Views,no,True,Unmodified Corundum lib RTL,f685b0861d4d7a93a8ce4a938589d57e5fdd186204dea32436828496e1426efe,f685b0861d4d7a93a8ce4a938589d57e5fdd186204dea32436828496e1426efe,
src/fpga/lib/axi/axil_reg_if.v,<home>/workspace/mqnic_gcm_codex-2-v2-2.75gbps/mqnic_gcm_codex-2/mqnic_gcm_codex.srcs/sources_1/imports/fpga_25g/lib/axi/rtl/axil_reg_if.v,CORUNDUM_UPSTREAM,Corundum,The Regents of the University of California / Alex Forencich,BSD-2-Clause-Views,BSD-2-Clause-Views,no,True,Unmodified Corundum lib RTL,6aac73057466d4c16f79a5575f5fb4136b494d41cd63aaa83fefe90319006a39,6aac73057466d4c16f79a5575f5fb4136b494d41cd63aaa83fefe90319006a39,
src/fpga/lib/axi/axil_reg_if_rd.v,<home>/workspace/mqnic_gcm_codex-2-v2-2.75gbps/mqnic_gcm_codex-2/mqnic_gcm_codex.srcs/sources_1/imports/fpga_25g/lib/axi/rtl/axil_reg_if_rd.v,CORUNDUM_UPSTREAM,Corundum,The Regents of the University of California / Alex Forencich,BSD-2-Clause-Views,BSD-2-Clause-Views,no,True,Unmodified Corundum lib RTL,57f196a4e073bfe1b483c19127088006e1d5fdd33f514d4c6672ab08fd7d8359,57f196a4e073bfe1b483c19127088006e1d5fdd33f514d4c6672ab08fd7d8359,
src/fpga/lib/axi/axil_reg_if_wr.v,<home>/workspace/mqnic_gcm_codex-2-v2-2.75gbps/mqnic_gcm_codex-2/mqnic_gcm_codex.srcs/sources_1/imports/fpga_25g/lib/axi/rtl/axil_reg_if_wr.v,CORUNDUM_UPSTREAM,Corundum,The Regents of the University of California / Alex Forencich,BSD-2-Clause-Views,BSD-2-Clause-Views,no,True,Unmodified Corundum lib RTL,ec2f3d3d97b694dd4ff046d791fc7a0f95856c41049a107eac1aa3b3daab7412,ec2f3d3d97b694dd4ff046d791fc7a0f95856c41049a107eac1aa3b3daab7412,
src/fpga/lib/axi/axil_register_rd.v,<home>/workspace/mqnic_gcm_codex-2-v2-2.75gbps/mqnic_gcm_codex-2/mqnic_gcm_codex.srcs/sources_1/imports/fpga_25g/lib/axi/rtl/axil_register_rd.v,CORUNDUM_UPSTREAM,Corundum,The Regents of the University of California / Alex Forencich,BSD-2-Clause-Views,BSD-2-Clause-Views,no,True,Unmodified Corundum lib RTL,ae1a35af8be25b3fa0f2245ce0ca33287f566279ea5bcf04d822d417ffa5f463,ae1a35af8be25b3fa0f2245ce0ca33287f566279ea5bcf04d822d417ffa5f463,
src/fpga/lib/axi/axil_register_wr.v,<home>/workspace/mqnic_gcm_codex-2-v2-2.75gbps/mqnic_gcm_codex-2/mqnic_gcm_codex.srcs/sources_1/imports/fpga_25g/lib/axi/rtl/axil_register_wr.v,CORUNDUM_UPSTREAM,Corundum,The Regents of the University of California / Alex Forencich,BSD-2-Clause-Views,BSD-2-Clause-Views,no,True,Unmodified Corundum lib RTL,af7fd3bc697c3e2d8e921105bf33fab62199a211e4aca031ba28bf08054b6563,af7fd3bc697c3e2d8e921105bf33fab62199a211e4aca031ba28bf08054b6563,
src/fpga/lib/axi/priority_encoder.v,<home>/workspace/mqnic_gcm_codex-2-v2-2.75gbps/mqnic_gcm_codex-2/mqnic_gcm_codex.srcs/sources_1/imports/fpga_25g/lib/axi/rtl/priority_encoder.v,CORUNDUM_UPSTREAM,Corundum,The Regents of the University of California / Alex Forencich,BSD-2-Clause-Views,BSD-2-Clause-Views,no,True,Unmodified Corundum lib RTL,df28220d95b47df349a72803a9751aad331eb8e1435416e8686d00572a974dd5,df28220d95b47df349a72803a9751aad331eb8e1435416e8686d00572a974dd5,
src/fpga/lib/axis/axis_adapter.v,<home>/workspace/mqnic_gcm_codex-2-v2-2.75gbps/mqnic_gcm_codex-2/mqnic_gcm_codex.srcs/sources_1/imports/fpga_25g/lib/axis/rtl/axis_adapter.v,CORUNDUM_UPSTREAM,Corundum,The Regents of the University of California / Alex Forencich,BSD-2-Clause-Views,BSD-2-Clause-Views,no,True,Unmodified Corundum lib RTL,4b9b6649f12e374c24d36f2d42680ecf1f38cca8ae4fda7fd68dbf722b6c8140,4b9b6649f12e374c24d36f2d42680ecf1f38cca8ae4fda7fd68dbf722b6c8140,
src/fpga/lib/axis/axis_arb_mux.v,<home>/workspace/mqnic_gcm_codex-2-v2-2.75gbps/mqnic_gcm_codex-2/mqnic_gcm_codex.srcs/sources_1/imports/fpga_25g/lib/axis/rtl/axis_arb_mux.v,CORUNDUM_UPSTREAM,Corundum,The Regents of the University of California / Alex Forencich,BSD-2-Clause-Views,BSD-2-Clause-Views,no,True,Unmodified Corundum lib RTL,2e71c10f54a03375e7b9e2f6ae559a0c122715297d6db75a764c0db70701108b,2e71c10f54a03375e7b9e2f6ae559a0c122715297d6db75a764c0db70701108b,
src/fpga/lib/axis/axis_async_fifo.v,<home>/workspace/mqnic_gcm_codex-2-v2-2.75gbps/mqnic_gcm_codex-2/mqnic_gcm_codex.srcs/sources_1/imports/fpga_25g/lib/axis/rtl/axis_async_fifo.v,CORUNDUM_UPSTREAM,Corundum,The Regents of the University of California / Alex Forencich,BSD-2-Clause-Views,BSD-2-Clause-Views,no,True,Unmodified Corundum lib RTL,faeeaeadcba90268689f9fd227b1c8088d856ec8290ef6ab10b6d25e018858d4,faeeaeadcba90268689f9fd227b1c8088d856ec8290ef6ab10b6d25e018858d4,
src/fpga/lib/axis/axis_async_fifo_adapter.v,<home>/workspace/mqnic_gcm_codex-2-v2-2.75gbps/mqnic_gcm_codex-2/mqnic_gcm_codex.srcs/sources_1/imports/fpga_25g/lib/axis/rtl/axis_async_fifo_adapter.v,CORUNDUM_UPSTREAM,Corundum,The Regents of the University of California / Alex Forencich,BSD-2-Clause-Views,BSD-2-Clause-Views,no,True,Unmodified Corundum lib RTL,9dc661b88d459a318e40722df277720fe64ef4309230462e8538b1a44da1d57c,9dc661b88d459a318e40722df277720fe64ef4309230462e8538b1a44da1d57c,
src/fpga/lib/axis/axis_demux.v,<home>/workspace/mqnic_gcm_codex-2-v2-2.75gbps/mqnic_gcm_codex-2/mqnic_gcm_codex.srcs/sources_1/imports/fpga_25g/lib/axis/rtl/axis_demux.v,CORUNDUM_UPSTREAM,Corundum,The Regents of the University of California / Alex Forencich,BSD-2-Clause-Views,BSD-2-Clause-Views,no,True,Unmodified Corundum lib RTL,b3ec5e59baa6b29f9d2bd077c262b8f3e57ea1de1162e19614f93dc866d5ba38,b3ec5e59baa6b29f9d2bd077c262b8f3e57ea1de1162e19614f93dc866d5ba38,
src/fpga/lib/axis/axis_fifo.v,<home>/workspace/mqnic_gcm_codex-2-v2-2.75gbps/mqnic_gcm_codex-2/mqnic_gcm_codex.srcs/sources_1/imports/fpga_25g/lib/axis/rtl/axis_fifo.v,CORUNDUM_UPSTREAM,Corundum,The Regents of the University of California / Alex Forencich,BSD-2-Clause-Views,BSD-2-Clause-Views,no,True,Unmodified Corundum lib RTL,7d1ea178349654c92f2ac4823620004abe067b37f9fbd09fcff97fe00db6e19c,7d1ea178349654c92f2ac4823620004abe067b37f9fbd09fcff97fe00db6e19c,
src/fpga/lib/axis/axis_fifo_adapter.v,<home>/workspace/mqnic_gcm_codex-2-v2-2.75gbps/mqnic_gcm_codex-2/mqnic_gcm_codex.srcs/sources_1/imports/fpga_25g/lib/axis/rtl/axis_fifo_adapter.v,CORUNDUM_UPSTREAM,Corundum,The Regents of the University of California / Alex Forencich,BSD-2-Clause-Views,BSD-2-Clause-Views,no,True,Unmodified Corundum lib RTL,7662fbf53def5dfb353a590a3ae7309b4f9519847288c90a42ed63df57c95d00,7662fbf53def5dfb353a590a3ae7309b4f9519847288c90a42ed63df57c95d00,
src/fpga/lib/axis/axis_pipeline_fifo.v,<home>/workspace/mqnic_gcm_codex-2-v2-2.75gbps/mqnic_gcm_codex-2/mqnic_gcm_codex.srcs/sources_1/imports/fpga_25g/lib/axis/rtl/axis_pipeline_fifo.v,CORUNDUM_UPSTREAM,Corundum,The Regents of the University of California / Alex Forencich,BSD-2-Clause-Views,BSD-2-Clause-Views,no,True,Unmodified Corundum lib RTL,a7cdccbf905c3f95d4a626fe77d84879a09c3f472dffc5ea2eb7acc9ba113c02,a7cdccbf905c3f95d4a626fe77d84879a09c3f472dffc5ea2eb7acc9ba113c02,
src/fpga/lib/axis/axis_register.v,<home>/workspace/mqnic_gcm_codex-2-v2-2.75gbps/mqnic_gcm_codex-2/mqnic_gcm_codex.srcs/sources_1/imports/fpga_25g/lib/axis/rtl/axis_register.v,CORUNDUM_UPSTREAM,Corundum,The Regents of the University of California / Alex Forencich,BSD-2-Clause-Views,BSD-2-Clause-Views,no,True,Unmodified Corundum lib RTL,599fde2d6c2d806643bbffb7c444297e69a71871f962d4b741ec1914342e0d39,599fde2d6c2d806643bbffb7c444297e69a71871f962d4b741ec1914342e0d39,
src/fpga/lib/axis/sync_reset.v,<home>/workspace/mqnic_gcm_codex-2-v2-2.75gbps/mqnic_gcm_codex-2/mqnic_gcm_codex.srcs/sources_1/imports/fpga_25g/lib/axis/rtl/sync_reset.v,CORUNDUM_UPSTREAM,Corundum,The Regents of the University of California / Alex Forencich,BSD-2-Clause-Views,BSD-2-Clause-Views,no,True,Unmodified Corundum lib RTL,a6701ef1a7412be2615592c2db70a7cebc07baa208ffba79e34ecaedf0289a91,a6701ef1a7412be2615592c2db70a7cebc07baa208ffba79e34ecaedf0289a91,
src/fpga/lib/eth/axis_xgmii_rx_64.v,<home>/workspace/mqnic_gcm_codex-2-v2-2.75gbps/mqnic_gcm_codex-2/mqnic_gcm_codex.srcs/sources_1/imports/fpga_25g/lib/eth/rtl/axis_xgmii_rx_64.v,CORUNDUM_UPSTREAM,Corundum,The Regents of the University of California / Alex Forencich,BSD-2-Clause-Views,BSD-2-Clause-Views,no,True,Unmodified Corundum lib RTL,0c5e88eed6941360134d4fb5e456cfa205327191592f4d03f5e6fe9af914b7d5,0c5e88eed6941360134d4fb5e456cfa205327191592f4d03f5e6fe9af914b7d5,
src/fpga/lib/eth/axis_xgmii_tx_64.v,<home>/workspace/mqnic_gcm_codex-2-v2-2.75gbps/mqnic_gcm_codex-2/mqnic_gcm_codex.srcs/sources_1/imports/fpga_25g/lib/eth/rtl/axis_xgmii_tx_64.v,CORUNDUM_UPSTREAM,Corundum,The Regents of the University of California / Alex Forencich,BSD-2-Clause-Views,BSD-2-Clause-Views,no,True,Unmodified Corundum lib RTL,097750af9f48497c3c5743c37e743eef22a314de139c2088756346c167915f7b,097750af9f48497c3c5743c37e743eef22a314de139c2088756346c167915f7b,
src/fpga/lib/eth/eth_mac_10g.v,<home>/workspace/mqnic_gcm_codex-2-v2-2.75gbps/mqnic_gcm_codex-2/mqnic_gcm_codex.srcs/sources_1/imports/fpga_25g/lib/eth/rtl/eth_mac_10g.v,CORUNDUM_UPSTREAM,Corundum,The Regents of the University of California / Alex Forencich,BSD-2-Clause-Views,BSD-2-Clause-Views,no,True,Unmodified Corundum lib RTL,1b49615d9da013e44e6f157fb9e6219f3c76f544d1877f080a2ae51c68f4f4f3,1b49615d9da013e44e6f157fb9e6219f3c76f544d1877f080a2ae51c68f4f4f3,
src/fpga/lib/eth/eth_phy_10g.v,<home>/workspace/mqnic_gcm_codex-2-v2-2.75gbps/mqnic_gcm_codex-2/mqnic_gcm_codex.srcs/sources_1/imports/fpga_25g/lib/eth/rtl/eth_phy_10g.v,CORUNDUM_UPSTREAM,Corundum,The Regents of the University of California / Alex Forencich,BSD-2-Clause-Views,BSD-2-Clause-Views,no,True,Unmodified Corundum lib RTL,89d13d9dec752dcfebba26b11bf8070467a0304e4c771020b5009e220ab3ae59,89d13d9dec752dcfebba26b11bf8070467a0304e4c771020b5009e220ab3ae59,
src/fpga/lib/eth/eth_phy_10g_rx.v,<home>/workspace/mqnic_gcm_codex-2-v2-2.75gbps/mqnic_gcm_codex-2/mqnic_gcm_codex.srcs/sources_1/imports/fpga_25g/lib/eth/rtl/eth_phy_10g_rx.v,CORUNDUM_UPSTREAM,Corundum,The Regents of the University of California / Alex Forencich,BSD-2-Clause-Views,BSD-2-Clause-Views,no,True,Unmodified Corundum lib RTL,6852e9f65cceb80626281bba46fa529822498238f27d7deee2905187586e5784,6852e9f65cceb80626281bba46fa529822498238f27d7deee2905187586e5784,
src/fpga/lib/eth/eth_phy_10g_rx_ber_mon.v,<home>/workspace/mqnic_gcm_codex-2-v2-2.75gbps/mqnic_gcm_codex-2/mqnic_gcm_codex.srcs/sources_1/imports/fpga_25g/lib/eth/rtl/eth_phy_10g_rx_ber_mon.v,CORUNDUM_UPSTREAM,Corundum,The Regents of the University of California / Alex Forencich,BSD-2-Clause-Views,BSD-2-Clause-Views,no,True,Unmodified Corundum lib RTL,46587623ecfec35434b21cf97b98d5c619ee3d292ef16aa9b8c226c143b1fddd,46587623ecfec35434b21cf97b98d5c619ee3d292ef16aa9b8c226c143b1fddd,
src/fpga/lib/eth/eth_phy_10g_rx_frame_sync.v,<home>/workspace/mqnic_gcm_codex-2-v2-2.75gbps/mqnic_gcm_codex-2/mqnic_gcm_codex.srcs/sources_1/imports/fpga_25g/lib/eth/rtl/eth_phy_10g_rx_frame_sync.v,CORUNDUM_UPSTREAM,Corundum,The Regents of the University of California / Alex Forencich,BSD-2-Clause-Views,BSD-2-Clause-Views,no,True,Unmodified Corundum lib RTL,6bdf55011c55cd96c10aa462e8dbb6c77a1aa8ddef602cb8bc551e2f2b9491e5,6bdf55011c55cd96c10aa462e8dbb6c77a1aa8ddef602cb8bc551e2f2b9491e5,
src/fpga/lib/eth/eth_phy_10g_rx_if.v,<home>/workspace/mqnic_gcm_codex-2-v2-2.75gbps/mqnic_gcm_codex-2/mqnic_gcm_codex.srcs/sources_1/imports/fpga_25g/lib/eth/rtl/eth_phy_10g_rx_if.v,CORUNDUM_UPSTREAM,Corundum,The Regents of the University of California / Alex Forencich,BSD-2-Clause-Views,BSD-2-Clause-Views,no,True,Unmodified Corundum lib RTL,30ff48b0b1ad4dd08d0c3038eeb57a371758535e0a3f2883709cdc01a2289a70,30ff48b0b1ad4dd08d0c3038eeb57a371758535e0a3f2883709cdc01a2289a70,
src/fpga/lib/eth/eth_phy_10g_rx_watchdog.v,<home>/workspace/mqnic_gcm_codex-2-v2-2.75gbps/mqnic_gcm_codex-2/mqnic_gcm_codex.srcs/sources_1/imports/fpga_25g/lib/eth/rtl/eth_phy_10g_rx_watchdog.v,CORUNDUM_UPSTREAM,Corundum,The Regents of the University of California / Alex Forencich,BSD-2-Clause-Views,BSD-2-Clause-Views,no,True,Unmodified Corundum lib RTL,d7ca2d1ee86841094b291764ccf2d0c832b36ff61a188935c3a9b0723ae93d5e,d7ca2d1ee86841094b291764ccf2d0c832b36ff61a188935c3a9b0723ae93d5e,
src/fpga/lib/eth/eth_phy_10g_tx.v,<home>/workspace/mqnic_gcm_codex-2-v2-2.75gbps/mqnic_gcm_codex-2/mqnic_gcm_codex.srcs/sources_1/imports/fpga_25g/lib/eth/rtl/eth_phy_10g_tx.v,CORUNDUM_UPSTREAM,Corundum,The Regents of the University of California / Alex Forencich,BSD-2-Clause-Views,BSD-2-Clause-Views,no,True,Unmodified Corundum lib RTL,3ccc7a6dd0c23bd94ca9ab8f603408e823cc000f4429013deeb9b9714c0f7769,3ccc7a6dd0c23bd94ca9ab8f603408e823cc000f4429013deeb9b9714c0f7769,
src/fpga/lib/eth/eth_phy_10g_tx_if.v,<home>/workspace/mqnic_gcm_codex-2-v2-2.75gbps/mqnic_gcm_codex-2/mqnic_gcm_codex.srcs/sources_1/imports/fpga_25g/lib/eth/rtl/eth_phy_10g_tx_if.v,CORUNDUM_UPSTREAM,Corundum,The Regents of the University of California / Alex Forencich,BSD-2-Clause-Views,BSD-2-Clause-Views,no,True,Unmodified Corundum lib RTL,eb7b22ac57abbc4ee887ac945ac66507aeda06417c7dd188cd8e7a5e713f3ac4,eb7b22ac57abbc4ee887ac945ac66507aeda06417c7dd188cd8e7a5e713f3ac4,
src/fpga/lib/eth/lfsr.v,<home>/workspace/mqnic_gcm_codex-2-v2-2.75gbps/mqnic_gcm_codex-2/mqnic_gcm_codex.srcs/sources_1/imports/fpga_25g/lib/eth/rtl/lfsr.v,CORUNDUM_UPSTREAM,Corundum,The Regents of the University of California / Alex Forencich,BSD-2-Clause-Views,BSD-2-Clause-Views,no,True,Unmodified Corundum lib RTL,5502c8203b0dfc7246c1a2de93e60c199ded3c1d7840b106350d714f72a9a079,5502c8203b0dfc7246c1a2de93e60c199ded3c1d7840b106350d714f72a9a079,
src/fpga/lib/eth/mac_ctrl_rx.v,<home>/workspace/mqnic_gcm_codex-2-v2-2.75gbps/mqnic_gcm_codex-2/mqnic_gcm_codex.srcs/sources_1/imports/fpga_25g/lib/eth/rtl/mac_ctrl_rx.v,CORUNDUM_UPSTREAM,Corundum,The Regents of the University of California / Alex Forencich,BSD-2-Clause-Views,BSD-2-Clause-Views,no,True,Unmodified Corundum lib RTL,b5c0eda334c078518adb5fb7db324ae966ebddba0031bc91cedd32b831137fb1,b5c0eda334c078518adb5fb7db324ae966ebddba0031bc91cedd32b831137fb1,
src/fpga/lib/eth/mac_ctrl_tx.v,<home>/workspace/mqnic_gcm_codex-2-v2-2.75gbps/mqnic_gcm_codex-2/mqnic_gcm_codex.srcs/sources_1/imports/fpga_25g/lib/eth/rtl/mac_ctrl_tx.v,CORUNDUM_UPSTREAM,Corundum,The Regents of the University of California / Alex Forencich,BSD-2-Clause-Views,BSD-2-Clause-Views,no,True,Unmodified Corundum lib RTL,48202a9a8f4b4e9688a4a0eac9dfe7492825be9f1f54a77590008db851b391c1,48202a9a8f4b4e9688a4a0eac9dfe7492825be9f1f54a77590008db851b391c1,
src/fpga/lib/eth/mac_pause_ctrl_rx.v,<home>/workspace/mqnic_gcm_codex-2-v2-2.75gbps/mqnic_gcm_codex-2/mqnic_gcm_codex.srcs/sources_1/imports/fpga_25g/lib/eth/rtl/mac_pause_ctrl_rx.v,CORUNDUM_UPSTREAM,Corundum,The Regents of the University of California / Alex Forencich,BSD-2-Clause-Views,BSD-2-Clause-Views,no,True,Unmodified Corundum lib RTL,4b8d5d985fe5e7d3ec28f0c70a8c212fb7b3df6548cbf4dcaac2473a23b24a57,4b8d5d985fe5e7d3ec28f0c70a8c212fb7b3df6548cbf4dcaac2473a23b24a57,
src/fpga/lib/eth/mac_pause_ctrl_tx.v,<home>/workspace/mqnic_gcm_codex-2-v2-2.75gbps/mqnic_gcm_codex-2/mqnic_gcm_codex.srcs/sources_1/imports/fpga_25g/lib/eth/rtl/mac_pause_ctrl_tx.v,CORUNDUM_UPSTREAM,Corundum,The Regents of the University of California / Alex Forencich,BSD-2-Clause-Views,BSD-2-Clause-Views,no,True,Unmodified Corundum lib RTL,c5de52ceae4cf7c048262132191b1e4c366deca15d931e4703f6a05eff789c5a,c5de52ceae4cf7c048262132191b1e4c366deca15d931e4703f6a05eff789c5a,
src/fpga/lib/eth/ptp_perout.v,<home>/workspace/mqnic_gcm_codex-2-v2-2.75gbps/mqnic_gcm_codex-2/mqnic_gcm_codex.srcs/sources_1/imports/fpga_25g/lib/eth/rtl/ptp_perout.v,CORUNDUM_UPSTREAM,Corundum,The Regents of the University of California / Alex Forencich,BSD-2-Clause-Views,BSD-2-Clause-Views,no,True,Unmodified Corundum lib RTL,78dc33fda3b18a4027dab0d444e88e2cd6eb5cde7de3b72dd8bea50a48256123,78dc33fda3b18a4027dab0d444e88e2cd6eb5cde7de3b72dd8bea50a48256123,
src/fpga/lib/eth/ptp_td_leaf.v,<home>/workspace/mqnic_gcm_codex-2-v2-2.75gbps/mqnic_gcm_codex-2/mqnic_gcm_codex.srcs/sources_1/imports/fpga_25g/lib/eth/rtl/ptp_td_leaf.v,CORUNDUM_UPSTREAM,Corundum,The Regents of the University of California / Alex Forencich,BSD-2-Clause-Views,BSD-2-Clause-Views,no,True,Unmodified Corundum lib RTL,3218f57ab5f8942f0bc15735144e2aa6f60fc08f7f4a3b3ef874b1730a3818ef,3218f57ab5f8942f0bc15735144e2aa6f60fc08f7f4a3b3ef874b1730a3818ef,
src/fpga/lib/eth/ptp_td_phc.v,<home>/workspace/mqnic_gcm_codex-2-v2-2.75gbps/mqnic_gcm_codex-2/mqnic_gcm_codex.srcs/sources_1/imports/fpga_25g/lib/eth/rtl/ptp_td_phc.v,CORUNDUM_UPSTREAM,Corundum,The Regents of the University of California / Alex Forencich,BSD-2-Clause-Views,BSD-2-Clause-Views,no,True,Unmodified Corundum lib RTL,3595915a28856442648fb5372c791dae9e68a092da23c5bd3a7d578c3d0cb980,3595915a28856442648fb5372c791dae9e68a092da23c5bd3a7d578c3d0cb980,
src/fpga/lib/eth/xgmii_baser_dec_64.v,<home>/workspace/mqnic_gcm_codex-2-v2-2.75gbps/mqnic_gcm_codex-2/mqnic_gcm_codex.srcs/sources_1/imports/fpga_25g/lib/eth/rtl/xgmii_baser_dec_64.v,CORUNDUM_UPSTREAM,Corundum,The Regents of the University of California / Alex Forencich,BSD-2-Clause-Views,BSD-2-Clause-Views,no,True,Unmodified Corundum lib RTL,0b57e2106bc74851a452fd99a394ee1b8bf9f8aac11083f7ec5f4884bfab4b17,0b57e2106bc74851a452fd99a394ee1b8bf9f8aac11083f7ec5f4884bfab4b17,
src/fpga/lib/eth/xgmii_baser_enc_64.v,<home>/workspace/mqnic_gcm_codex-2-v2-2.75gbps/mqnic_gcm_codex-2/mqnic_gcm_codex.srcs/sources_1/imports/fpga_25g/lib/eth/rtl/xgmii_baser_enc_64.v,CORUNDUM_UPSTREAM,Corundum,The Regents of the University of California / Alex Forencich,BSD-2-Clause-Views,BSD-2-Clause-Views,no,True,Unmodified Corundum lib RTL,588a0871d72fe7350636e404fb3345c8659d94ee79b97abbd9feb81e447b7696,588a0871d72fe7350636e404fb3345c8659d94ee79b97abbd9feb81e447b7696,
src/fpga/lib/pcie/dma_client_axis_sink.v,<home>/workspace/mqnic_gcm_codex-2-v2-2.75gbps/mqnic_gcm_codex-2/mqnic_gcm_codex.srcs/sources_1/imports/fpga_25g/lib/pcie/rtl/dma_client_axis_sink.v,CORUNDUM_UPSTREAM,Corundum,The Regents of the University of California / Alex Forencich,BSD-2-Clause-Views,BSD-2-Clause-Views,no,True,Unmodified Corundum lib RTL,a1e03efa7a8810a967b1e4a6b68fc75b0cbfc6f6a2ac137b9aa7321001029dd5,a1e03efa7a8810a967b1e4a6b68fc75b0cbfc6f6a2ac137b9aa7321001029dd5,
src/fpga/lib/pcie/dma_client_axis_source.v,<home>/workspace/mqnic_gcm_codex-2-v2-2.75gbps/mqnic_gcm_codex-2/mqnic_gcm_codex.srcs/sources_1/imports/fpga_25g/lib/pcie/rtl/dma_client_axis_source.v,CORUNDUM_UPSTREAM,Corundum,The Regents of the University of California / Alex Forencich,BSD-2-Clause-Views,BSD-2-Clause-Views,no,True,Unmodified Corundum lib RTL,e2dc4b2ab3ed88e2d6256e3ebcb7470fe0b11249a1616bbd1746460399ba5044,e2dc4b2ab3ed88e2d6256e3ebcb7470fe0b11249a1616bbd1746460399ba5044,
src/fpga/lib/pcie/dma_if_desc_mux.v,<home>/workspace/mqnic_gcm_codex-2-v2-2.75gbps/mqnic_gcm_codex-2/mqnic_gcm_codex.srcs/sources_1/imports/fpga_25g/lib/pcie/rtl/dma_if_desc_mux.v,CORUNDUM_UPSTREAM,Corundum,The Regents of the University of California / Alex Forencich,BSD-2-Clause-Views,BSD-2-Clause-Views,no,True,Unmodified Corundum lib RTL,338312e054d42f66e36f28946e05b94646ed1d63a41e4e740f4d55cbe278e64b,338312e054d42f66e36f28946e05b94646ed1d63a41e4e740f4d55cbe278e64b,
src/fpga/lib/pcie/dma_if_mux.v,<home>/workspace/mqnic_gcm_codex-2-v2-2.75gbps/mqnic_gcm_codex-2/mqnic_gcm_codex.srcs/sources_1/imports/fpga_25g/lib/pcie/rtl/dma_if_mux.v,CORUNDUM_UPSTREAM,Corundum,The Regents of the University of California / Alex Forencich,BSD-2-Clause-Views,BSD-2-Clause-Views,no,True,Unmodified Corundum lib RTL,b98f11ef6c7e0acf4433d1bf9e5383b3792c8fde3ef4c8c3e4938e225f19ae52,b98f11ef6c7e0acf4433d1bf9e5383b3792c8fde3ef4c8c3e4938e225f19ae52,
src/fpga/lib/pcie/dma_if_mux_rd.v,<home>/workspace/mqnic_gcm_codex-2-v2-2.75gbps/mqnic_gcm_codex-2/mqnic_gcm_codex.srcs/sources_1/imports/fpga_25g/lib/pcie/rtl/dma_if_mux_rd.v,CORUNDUM_UPSTREAM,Corundum,The Regents of the University of California / Alex Forencich,BSD-2-Clause-Views,BSD-2-Clause-Views,no,True,Unmodified Corundum lib RTL,9a8baf220a009c8fa1105026835a3d7a4419a32a40a9ff5b16185c14ce1572a7,9a8baf220a009c8fa1105026835a3d7a4419a32a40a9ff5b16185c14ce1572a7,
src/fpga/lib/pcie/dma_if_mux_wr.v,<home>/workspace/mqnic_gcm_codex-2-v2-2.75gbps/mqnic_gcm_codex-2/mqnic_gcm_codex.srcs/sources_1/imports/fpga_25g/lib/pcie/rtl/dma_if_mux_wr.v,CORUNDUM_UPSTREAM,Corundum,The Regents of the University of California / Alex Forencich,BSD-2-Clause-Views,BSD-2-Clause-Views,no,True,Unmodified Corundum lib RTL,fdb5ea18a19f17ac76e22e215ab01eea572c5145096259eb62af735afc4cef21,fdb5ea18a19f17ac76e22e215ab01eea572c5145096259eb62af735afc4cef21,
src/fpga/lib/pcie/dma_if_pcie.v,<home>/workspace/mqnic_gcm_codex-2-v2-2.75gbps/mqnic_gcm_codex-2/mqnic_gcm_codex.srcs/sources_1/imports/fpga_25g/lib/pcie/rtl/dma_if_pcie.v,CORUNDUM_UPSTREAM,Corundum,The Regents of the University of California / Alex Forencich,BSD-2-Clause-Views,BSD-2-Clause-Views,no,True,Unmodified Corundum lib RTL,5255c2291f3d431df000d88995c9ea29490634b194437d0ecf71e39bf124d8f3,5255c2291f3d431df000d88995c9ea29490634b194437d0ecf71e39bf124d8f3,
src/fpga/lib/pcie/dma_if_pcie_rd.v,<home>/workspace/mqnic_gcm_codex-2-v2-2.75gbps/mqnic_gcm_codex-2/mqnic_gcm_codex.srcs/sources_1/imports/fpga_25g/lib/pcie/rtl/dma_if_pcie_rd.v,CORUNDUM_UPSTREAM,Corundum,The Regents of the University of California / Alex Forencich,BSD-2-Clause-Views,BSD-2-Clause-Views,no,True,Unmodified Corundum lib RTL,83af3d4529193eba24d67d90b217eddd0abdf10efa1b205114b62a7dd9aa02f8,83af3d4529193eba24d67d90b217eddd0abdf10efa1b205114b62a7dd9aa02f8,
src/fpga/lib/pcie/dma_if_pcie_wr.v,<home>/workspace/mqnic_gcm_codex-2-v2-2.75gbps/mqnic_gcm_codex-2/mqnic_gcm_codex.srcs/sources_1/imports/fpga_25g/lib/pcie/rtl/dma_if_pcie_wr.v,CORUNDUM_UPSTREAM,Corundum,The Regents of the University of California / Alex Forencich,BSD-2-Clause-Views,BSD-2-Clause-Views,no,True,Unmodified Corundum lib RTL,8036907ce53023972452b5c85296b0effc2276e20fb122332637463c0e330821,8036907ce53023972452b5c85296b0effc2276e20fb122332637463c0e330821,
src/fpga/lib/pcie/dma_psdpram.v,<home>/workspace/mqnic_gcm_codex-2-v2-2.75gbps/mqnic_gcm_codex-2/mqnic_gcm_codex.srcs/sources_1/imports/fpga_25g/lib/pcie/rtl/dma_psdpram.v,CORUNDUM_UPSTREAM,Corundum,The Regents of the University of California / Alex Forencich,BSD-2-Clause-Views,BSD-2-Clause-Views,no,True,Unmodified Corundum lib RTL,5d06400fe8c45ff27a0eaabb33206b684b2f2c5adf59353fcabe891e9ac29513,5d06400fe8c45ff27a0eaabb33206b684b2f2c5adf59353fcabe891e9ac29513,
src/fpga/lib/pcie/dma_ram_demux_rd.v,<home>/workspace/mqnic_gcm_codex-2-v2-2.75gbps/mqnic_gcm_codex-2/mqnic_gcm_codex.srcs/sources_1/imports/fpga_25g/lib/pcie/rtl/dma_ram_demux_rd.v,CORUNDUM_UPSTREAM,Corundum,The Regents of the University of California / Alex Forencich,BSD-2-Clause-Views,BSD-2-Clause-Views,no,True,Unmodified Corundum lib RTL,41ffae6d95c4781848cb9f392ce419770de78446ac506b6fcaf1ce7fc1627fc7,41ffae6d95c4781848cb9f392ce419770de78446ac506b6fcaf1ce7fc1627fc7,
src/fpga/lib/pcie/dma_ram_demux_wr.v,<home>/workspace/mqnic_gcm_codex-2-v2-2.75gbps/mqnic_gcm_codex-2/mqnic_gcm_codex.srcs/sources_1/imports/fpga_25g/lib/pcie/rtl/dma_ram_demux_wr.v,CORUNDUM_UPSTREAM,Corundum,The Regents of the University of California / Alex Forencich,BSD-2-Clause-Views,BSD-2-Clause-Views,no,True,Unmodified Corundum lib RTL,77dbe7e0f710744b34e11d8a83a41bac3c63c83b858e2c0bce3aa9a160083cc2,77dbe7e0f710744b34e11d8a83a41bac3c63c83b858e2c0bce3aa9a160083cc2,
src/fpga/lib/pcie/irq_rate_limit.v,<home>/workspace/mqnic_gcm_codex-2-v2-2.75gbps/mqnic_gcm_codex-2/mqnic_gcm_codex.srcs/sources_1/imports/fpga_25g/lib/pcie/rtl/irq_rate_limit.v,CORUNDUM_UPSTREAM,Corundum,The Regents of the University of California / Alex Forencich,BSD-2-Clause-Views,BSD-2-Clause-Views,no,True,Unmodified Corundum lib RTL,fd9a6bc5366f61e8739a7844a6628a1a7cc08e0aa72871d12babd924ce08a65d,fd9a6bc5366f61e8739a7844a6628a1a7cc08e0aa72871d12babd924ce08a65d,
src/fpga/lib/pcie/pcie_axil_master.v,<home>/workspace/mqnic_gcm_codex-2-v2-2.75gbps/mqnic_gcm_codex-2/mqnic_gcm_codex.srcs/sources_1/imports/fpga_25g/lib/pcie/rtl/pcie_axil_master.v,CORUNDUM_UPSTREAM,Corundum,The Regents of the University of California / Alex Forencich,BSD-2-Clause-Views,BSD-2-Clause-Views,no,True,Unmodified Corundum lib RTL,4b66bd5dc9c5ed0c2616773a310e0deb6b3e0ecd7958f176a33b850feeaf7767,4b66bd5dc9c5ed0c2616773a310e0deb6b3e0ecd7958f176a33b850feeaf7767,
src/fpga/lib/pcie/pcie_msix.v,<home>/workspace/mqnic_gcm_codex-2-v2-2.75gbps/mqnic_gcm_codex-2/mqnic_gcm_codex.srcs/sources_1/imports/fpga_25g/lib/pcie/rtl/pcie_msix.v,CORUNDUM_UPSTREAM,Corundum,The Regents of the University of California / Alex Forencich,BSD-2-Clause-Views,BSD-2-Clause-Views,no,True,Unmodified Corundum lib RTL,85da9abfe32cc3ca92934ac9ae2c1228da606496e8762a9015766791410d9570,85da9abfe32cc3ca92934ac9ae2c1228da606496e8762a9015766791410d9570,
src/fpga/lib/pcie/pcie_tlp_demux.v,<home>/workspace/mqnic_gcm_codex-2-v2-2.75gbps/mqnic_gcm_codex-2/mqnic_gcm_codex.srcs/sources_1/imports/fpga_25g/lib/pcie/rtl/pcie_tlp_demux.v,CORUNDUM_UPSTREAM,Corundum,The Regents of the University of California / Alex Forencich,BSD-2-Clause-Views,BSD-2-Clause-Views,no,True,Unmodified Corundum lib RTL,6b3c76538e54e7b71ece96ea5ad17bbc720b8b98d1fe18033a58aaea4b142511,6b3c76538e54e7b71ece96ea5ad17bbc720b8b98d1fe18033a58aaea4b142511,
src/fpga/lib/pcie/pcie_tlp_demux_bar.v,<home>/workspace/mqnic_gcm_codex-2-v2-2.75gbps/mqnic_gcm_codex-2/mqnic_gcm_codex.srcs/sources_1/imports/fpga_25g/lib/pcie/rtl/pcie_tlp_demux_bar.v,CORUNDUM_UPSTREAM,Corundum,The Regents of the University of California / Alex Forencich,BSD-2-Clause-Views,BSD-2-Clause-Views,no,True,Unmodified Corundum lib RTL,4d3e0499692c627875729d08e8c4c60e60500a78e1885e10acd7afb611c46cd3,4d3e0499692c627875729d08e8c4c60e60500a78e1885e10acd7afb611c46cd3,
src/fpga/lib/pcie/pcie_tlp_fifo.v,<home>/workspace/mqnic_gcm_codex-2-v2-2.75gbps/mqnic_gcm_codex-2/mqnic_gcm_codex.srcs/sources_1/imports/fpga_25g/lib/pcie/rtl/pcie_tlp_fifo.v,CORUNDUM_UPSTREAM,Corundum,The Regents of the University of California / Alex Forencich,BSD-2-Clause-Views,BSD-2-Clause-Views,no,True,Unmodified Corundum lib RTL,7f08e45fac4ad71449164c1dffefba7cc4bb64d9cac67752970a076489e5256e,7f08e45fac4ad71449164c1dffefba7cc4bb64d9cac67752970a076489e5256e,
src/fpga/lib/pcie/pcie_tlp_fifo_raw.v,<home>/workspace/mqnic_gcm_codex-2-v2-2.75gbps/mqnic_gcm_codex-2/mqnic_gcm_codex.srcs/sources_1/imports/fpga_25g/lib/pcie/rtl/pcie_tlp_fifo_raw.v,CORUNDUM_UPSTREAM,Corundum,The Regents of the University of California / Alex Forencich,BSD-2-Clause-Views,BSD-2-Clause-Views,no,True,Unmodified Corundum lib RTL,d914cf4a293903794f497f8cdf6155d4e166ab26a475593c793903d89f35ea27,d914cf4a293903794f497f8cdf6155d4e166ab26a475593c793903d89f35ea27,
src/fpga/lib/pcie/pcie_tlp_mux.v,<home>/workspace/mqnic_gcm_codex-2-v2-2.75gbps/mqnic_gcm_codex-2/mqnic_gcm_codex.srcs/sources_1/imports/fpga_25g/lib/pcie/rtl/pcie_tlp_mux.v,CORUNDUM_UPSTREAM,Corundum,The Regents of the University of California / Alex Forencich,BSD-2-Clause-Views,BSD-2-Clause-Views,no,True,Unmodified Corundum lib RTL,73fb3855161b9c81801ee612152046791b9fee5a75b36f1919d5268c5138c340,73fb3855161b9c81801ee612152046791b9fee5a75b36f1919d5268c5138c340,
src/fpga/lib/pcie/pcie_us_cfg.v,<home>/workspace/mqnic_gcm_codex-2-v2-2.75gbps/mqnic_gcm_codex-2/mqnic_gcm_codex.srcs/sources_1/imports/fpga_25g/lib/pcie/rtl/pcie_us_cfg.v,CORUNDUM_UPSTREAM,Corundum,The Regents of the University of California / Alex Forencich,BSD-2-Clause-Views,BSD-2-Clause-Views,no,True,Unmodified Corundum lib RTL,f5426615494cf74680ca744b589fdfd44847e4342b809f92298df9d5714e95bb,f5426615494cf74680ca744b589fdfd44847e4342b809f92298df9d5714e95bb,
src/fpga/lib/pcie/pcie_us_if.v,<home>/workspace/mqnic_gcm_codex-2-v2-2.75gbps/mqnic_gcm_codex-2/mqnic_gcm_codex.srcs/sources_1/imports/fpga_25g/lib/pcie/rtl/pcie_us_if.v,CORUNDUM_UPSTREAM,Corundum,The Regents of the University of California / Alex Forencich,BSD-2-Clause-Views,BSD-2-Clause-Views,no,True,Unmodified Corundum lib RTL,18ec3da717070040dd197afba830f736885ee4702029fb7000758ebe312beb44,18ec3da717070040dd197afba830f736885ee4702029fb7000758ebe312beb44,
src/fpga/lib/pcie/pcie_us_if_cc.v,<home>/workspace/mqnic_gcm_codex-2-v2-2.75gbps/mqnic_gcm_codex-2/mqnic_gcm_codex.srcs/sources_1/imports/fpga_25g/lib/pcie/rtl/pcie_us_if_cc.v,CORUNDUM_UPSTREAM,Corundum,The Regents of the University of California / Alex Forencich,BSD-2-Clause-Views,BSD-2-Clause-Views,no,True,Unmodified Corundum lib RTL,0349d7a18d87fa1cd47d7a1e89da18c6c53f052cf926daabc4d706678d90a943,0349d7a18d87fa1cd47d7a1e89da18c6c53f052cf926daabc4d706678d90a943,
src/fpga/lib/pcie/pcie_us_if_cq.v,<home>/workspace/mqnic_gcm_codex-2-v2-2.75gbps/mqnic_gcm_codex-2/mqnic_gcm_codex.srcs/sources_1/imports/fpga_25g/lib/pcie/rtl/pcie_us_if_cq.v,CORUNDUM_UPSTREAM,Corundum,The Regents of the University of California / Alex Forencich,BSD-2-Clause-Views,BSD-2-Clause-Views,no,True,Unmodified Corundum lib RTL,b5e50b2b8f3df3c237b4ddf5ab383482fc3458aa8f2c80e237a4b80dbf37bd50,b5e50b2b8f3df3c237b4ddf5ab383482fc3458aa8f2c80e237a4b80dbf37bd50,
src/fpga/lib/pcie/pcie_us_if_rc.v,<home>/workspace/mqnic_gcm_codex-2-v2-2.75gbps/mqnic_gcm_codex-2/mqnic_gcm_codex.srcs/sources_1/imports/fpga_25g/lib/pcie/rtl/pcie_us_if_rc.v,CORUNDUM_UPSTREAM,Corundum,The Regents of the University of California / Alex Forencich,BSD-2-Clause-Views,BSD-2-Clause-Views,no,True,Unmodified Corundum lib RTL,538cf0c6caaa535c7d4f28f96dd9ac3e385a8c26ccf3e5ec4c30d7a8954b4eed,538cf0c6caaa535c7d4f28f96dd9ac3e385a8c26ccf3e5ec4c30d7a8954b4eed,
src/fpga/lib/pcie/pcie_us_if_rq.v,<home>/workspace/mqnic_gcm_codex-2-v2-2.75gbps/mqnic_gcm_codex-2/mqnic_gcm_codex.srcs/sources_1/imports/fpga_25g/lib/pcie/rtl/pcie_us_if_rq.v,CORUNDUM_UPSTREAM,Corundum,The Regents of the University of California / Alex Forencich,BSD-2-Clause-Views,BSD-2-Clause-Views,no,True,Unmodified Corundum lib RTL,2435f567585bad3583e5e985b42e49d3613921ea6e921bd45fb216ca9310a4b1,2435f567585bad3583e5e985b42e49d3613921ea6e921bd45fb216ca9310a4b1,
src/fpga/lib/pcie/pulse_merge.v,<home>/workspace/mqnic_gcm_codex-2-v2-2.75gbps/mqnic_gcm_codex-2/mqnic_gcm_codex.srcs/sources_1/imports/fpga_25g/lib/pcie/rtl/pulse_merge.v,CORUNDUM_UPSTREAM,Corundum,The Regents of the University of California / Alex Forencich,BSD-2-Clause-Views,BSD-2-Clause-Views,no,True,Unmodified Corundum lib RTL,be969a374712e76002434cdf6c1ba55f31a250a8b7e088aa1d301b031b39ba6f,be969a374712e76002434cdf6c1ba55f31a250a8b7e088aa1d301b031b39ba6f,
src/fpga/sync_signal.v,<home>/workspace/mqnic_gcm_codex-2-v2-2.75gbps/mqnic_gcm_codex-2/mqnic_gcm_codex.srcs/sources_1/imports/fpga_25g/rtl/sync_signal.v,CORUNDUM_UPSTREAM,Corundum,Alex Forencich / UC Regents,BSD-2-Clause-Views,BSD-2-Clause-Views,no,True,Unmodified,a89c005b14019c94f72fee6308e370044333742bec9494df1fbdd3096988f919,a89c005b14019c94f72fee6308e370044333742bec9494df1fbdd3096988f919,
src/macsec/ap_fifo_to_axis_bridge.v,<home>/workspace/mqnic_gcm_codex-2-v2-2.75gbps/mqnic_gcm_codex-2/mqnic_gcm_codex.srcs/sources_1/imports/rtl/ap_fifo_to_axis_bridge.v,ORIGINAL_LE_SUN,mqnic_gcm_codex-2-v2-2.75gbps (archived),Le Sun,BSD-2-Clause,BSD-2-Clause,n/a (author),True,Project-specific MACsec integration RTL,b7505d869687e22068b8025639f46544bdd4fc8f02eac0cfb04808804042eb5c,d4c8a065c8654c02a1c58840dcb3ed381000c47f7e274d3d64751d43f3c577f5,BSD-2-Clause header added in release copy
src/macsec/axis_to_ap_fifo_bridge.v,<home>/workspace/mqnic_gcm_codex-2-v2-2.75gbps/mqnic_gcm_codex-2/mqnic_gcm_codex.srcs/sources_1/imports/rtl/axis_to_ap_fifo_bridge.v,ORIGINAL_LE_SUN,mqnic_gcm_codex-2-v2-2.75gbps (archived),Le Sun,BSD-2-Clause,BSD-2-Clause,n/a (author),True,Project-specific MACsec integration RTL,60282248b70c028ddd42045427b599400bab462392ef13bf71f211ba069c3e4a,e537997206090cff3c790cfde47c82fd38c5ad388abbe663b01667301e9295af,BSD-2-Clause header added in release copy
src/macsec/macsec_aes_decrypt.v,<home>/workspace/mqnic_gcm_codex-2-v2-2.75gbps/mqnic_gcm_codex-2/mqnic_gcm_codex.srcs/sources_1/imports/rtl/macsec_aes_decrypt.v,ORIGINAL_LE_SUN,mqnic_gcm_codex-2-v2-2.75gbps (archived),Le Sun,BSD-2-Clause,BSD-2-Clause,n/a (author),True,Project-specific MACsec integration RTL,01cb64ac0f13af90f9e03aa63cff7c8b4680648d6eead01457aa96a44a99234d,17f236585144b90183edf62964db73e765def6f789f8d35f9c014c93950e888a,BSD-2-Clause header added in release copy
src/macsec/macsec_aes_encrypt.v,<home>/workspace/mqnic_gcm_codex-2-v2-2.75gbps/mqnic_gcm_codex-2/mqnic_gcm_codex.srcs/sources_1/imports/rtl/macsec_aes_encrypt.v,ORIGINAL_LE_SUN,mqnic_gcm_codex-2-v2-2.75gbps (archived),Le Sun,BSD-2-Clause,BSD-2-Clause,n/a (author),True,Project-specific MACsec integration RTL,86497ac549e7931be52d71c2b83d7588d4033b38245cf569a31053c7350c509a,0e6b353e64a637884483437ee46ff8ba62d9438cc58798752a96a99cd0879fb5,BSD-2-Clause header added in release copy
src/macsec/macsec_rx_wrapper.v,<home>/workspace/mqnic_gcm_codex-2-v2-2.75gbps/mqnic_gcm_codex-2/mqnic_gcm_codex.srcs/sources_1/imports/rtl/macsec_rx_wrapper.v,ORIGINAL_LE_SUN,mqnic_gcm_codex-2-v2-2.75gbps (archived),Le Sun,BSD-2-Clause,BSD-2-Clause,n/a (author),True,Project-specific MACsec integration RTL,5322ddfead6f41395902186f280696bdaa4dd4dd8f319adf99fd2ccb66a8ea61,1123a6d0b29e64bfcdd5f1fc96c0d430c521a03a12d3dbd38e14ba63f0878844,BSD-2-Clause header added in release copy
src/macsec/macsec_tag_append.v,<home>/workspace/mqnic_gcm_codex-2-v2-2.75gbps/mqnic_gcm_codex-2/mqnic_gcm_codex.srcs/sources_1/imports/rtl/macsec_tag_append.v,ORIGINAL_LE_SUN,mqnic_gcm_codex-2-v2-2.75gbps (archived),Le Sun,BSD-2-Clause,BSD-2-Clause,n/a (author),True,Project-specific MACsec integration RTL,2c1b2fb6401c7ba7b8df851acbac6285573124dfc006182827e5158b0d13b92b,c2fe448dcd21bcf01a1c8dd982a6a75537328ec074b299b35d43590f1dce87e5,BSD-2-Clause header added in release copy
src/macsec/macsec_tag_strip.v,<home>/workspace/mqnic_gcm_codex-2-v2-2.75gbps/mqnic_gcm_codex-2/mqnic_gcm_codex.srcs/sources_1/imports/rtl/macsec_tag_strip.v,ORIGINAL_LE_SUN,mqnic_gcm_codex-2-v2-2.75gbps (archived),Le Sun,BSD-2-Clause,BSD-2-Clause,n/a (author),True,Project-specific MACsec integration RTL,a638e193d4922a075d9c4af0a24ed35130ea4bb81dcd8dbd4e7a83df2cf55d88,c2bfdd6fd294087aa8bbe96d2181908ac8ff5a766060a77c77e4b4a602409399,BSD-2-Clause header added in release copy
src/macsec/macsec_tx_wrapper.v,<home>/workspace/mqnic_gcm_codex-2-v2-2.75gbps/mqnic_gcm_codex-2/mqnic_gcm_codex.srcs/sources_1/imports/rtl/macsec_tx_wrapper.v,ORIGINAL_LE_SUN,mqnic_gcm_codex-2-v2-2.75gbps (archived),Le Sun,BSD-2-Clause,BSD-2-Clause,n/a (author),True,Project-specific MACsec integration RTL,350b3187071cf95e09c47aee1cfacfe6856faa717f8437812899fa6b1025693d,b4658160a093d5f75e9cf191594a27aa2db1401a965f44718c528efa2c20f6a5,BSD-2-Clause header added in release copy
src/macsec/macsec_types.vh,<home>/workspace/mqnic_gcm_codex-2-v2-2.75gbps/mqnic_gcm_codex-2/mqnic_gcm_codex.srcs/sources_1/imports/rtl/macsec_types.vh,ORIGINAL_LE_SUN,mqnic_gcm_codex-2-v2-2.75gbps (archived),Le Sun,BSD-2-Clause,BSD-2-Clause,n/a (author),True,Project-specific MACsec integration RTL,6a3e5b55b0ef711751a6565bd47093dcf74f5da13a70e2ee22e3fe453b40d6a1,5d8b6a51b9cf90b4b3a542dd3e86f9313bba17b89ee0e5e2ca6785cb60e532d0,BSD-2-Clause header added in release copy
tb/cocotb/hls_aes128gcm_dec_model.v,<home>/workspace/mqnic_gcm_codex-2-v2-2.75gbps/mqnic_gcm_codex-2/tb_local/fpga_core/hls_aes128gcm_dec_model.v,TEST_ORIGINAL,mqnic_gcm_codex-2 (project),Le Sun,BSD-2-Clause,BSD-2-Clause,n/a (author),True,Behavioral sim models / HLS interface models,,5bf6fb96b492b62de2a1a2d546aa1341edcc88d94897fda6333d6a8fb94c9775,BSD-2-Clause header added
tb/cocotb/hls_aes128gcm_enc_model.v,<home>/workspace/mqnic_gcm_codex-2-v2-2.75gbps/mqnic_gcm_codex-2/tb_local/fpga_core/hls_aes128gcm_enc_model.v,TEST_ORIGINAL,mqnic_gcm_codex-2 (project),Le Sun,BSD-2-Clause,BSD-2-Clause,n/a (author),True,Behavioral sim models / HLS interface models,,98dd01b0dab60a07ddc6745c69e6769344d1d42c6874dc38ef16a345b4708f57,BSD-2-Clause header added
tb/cocotb/mqnic.py,<home>/workspace/mqnic_gcm_codex-2-v2-2.75gbps/mqnic_gcm_codex-2/tb_local/fpga_core/mqnic.py,CORUNDUM_UPSTREAM,Corundum,The Regents of the University of California,BSD-2-Clause-Views,BSD-2-Clause-Views,no,True,Unmodified Corundum tb support,dbb14fc977b717a6735fd588164b92014fc3e71970acd7676177dfa6c780f1c3,dbb14fc977b717a6735fd588164b92014fc3e71970acd7676177dfa6c780f1c3,
tb/cocotb/test_fpga_core_macsec_sfp.py,<home>/workspace/mqnic_gcm_codex-2-v2-2.75gbps/mqnic_gcm_codex-2/tb_local/fpga_core/test_fpga_core_macsec_sfp.py,CORUNDUM_MODIFIED,Corundum + Le Sun,The Regents of the University of California / Le Sun,BSD-2-Clause-Views,BSD-2-Clause-Views,yes,True,MACsec loopback integration test derived from Corundum test framework,51438a347b8a21887975c6106e6f27d1f7e15e4c248e3184c345afef5bbabdcd,dbc173156192931d55647db45890dc4880a2fffe699a7acd3cd21daf29d6ddd5,Modification note added
tb/cocotb/xpm_fifo_async_sim.v,<home>/workspace/mqnic_gcm_codex-2-v2-2.75gbps/mqnic_gcm_codex-2/tb_local/fpga_core/xpm_fifo_async_sim.v,TEST_ORIGINAL,mqnic_gcm_codex-2 (project),Le Sun,BSD-2-Clause,BSD-2-Clause,n/a (author),True,Behavioral sim models / HLS interface models,3cb8a720e0960a3503a8491984a2e56dcf4a9b745ff718b77c827b886bba7071,29b241eb309cf452652f1d9543e995f8bb3bb4b15a7f30972750ed5d01874a75,BSD-2-Clause header added
tb/cocotb/xpm_fifo_sync_sim.v,<home>/workspace/mqnic_gcm_codex-2-v2-2.75gbps/mqnic_gcm_codex-2/tb_local/fpga_core/xpm_fifo_sync_sim.v,TEST_ORIGINAL,mqnic_gcm_codex-2 (project),Le Sun,BSD-2-Clause,BSD-2-Clause,n/a (author),True,Behavioral sim models / HLS interface models,df5172d275649b75adeeccf43291f33d9f14cd5103c5ac4d14627f0cdba356d0,8686782e6ac572abee3b8f8b0b9881bfaa4858c627d93ead8612ae643749eb55,BSD-2-Clause header added
tb/security_regressions/diag.v,/tmp/opencode/macsec_exp1/diag.v,TEST_ORIGINAL,VITIS_MACSEC audits (2026-08-06),Le Sun,BSD-2-Clause,BSD-2-Clause,n/a (author),True,Independent E1/E2 security experiment testbench,5667d09180118f451434137830ae6fb0ba7dc336ae8a5a887707f12dd85513b9,a50efcace0a442f2dfb6fca8c23fd3190d4a4e30f4a7f719713adcb022ce4fc9,Compiled binaries/waveforms excluded
tb/security_regressions/e2_stub.v,/tmp/opencode/macsec_exp1/e2_stub.v,TEST_ORIGINAL,VITIS_MACSEC audits (2026-08-06),Le Sun,BSD-2-Clause,BSD-2-Clause,n/a (author),True,Independent E1/E2 security experiment testbench,8de38401ca4221a9acdc414bf6a71ffda293bbbf1484054b900081e2dc8f2345,cce27f0c4d94bdb8f854daa8dcacb8aa14ef5e1229fb9a52ab8888d6a1bf40f7,Compiled binaries/waveforms excluded
tb/security_regressions/exp1_E1_tagstrip.cc,/tmp/opencode/macsec_exp1/exp1_E1_tagstrip.cc,TEST_ORIGINAL,VITIS_MACSEC audits (2026-08-06),Le Sun,BSD-2-Clause,BSD-2-Clause,n/a (author),True,Independent E1/E2 security experiment testbench,a9ac6c0d9459950ef47c3b1ebe974957ca6ba5abc73a74a04e973f0c37c1c6f2,b890a66a651823787ed393322f97ac2d41e4c7733599b433798c5c37fe1ec426,Compiled binaries/waveforms excluded
tb/security_regressions/tb2.v,/tmp/opencode/macsec_exp1/tb2.v,TEST_ORIGINAL,VITIS_MACSEC audits (2026-08-06),Le Sun,BSD-2-Clause,BSD-2-Clause,n/a (author),True,Independent E1/E2 security experiment testbench,02c10726e115f1fda45b13e6ad51797fb003ef2471e45a52fe113a51a03280fd,91afb94eae0facf97121fd14d3fd193e6e75488bc01470671a159a1ffed72dee,Compiled binaries/waveforms excluded
tb/security_regressions/tb3.v,/tmp/opencode/macsec_exp1/tb3.v,TEST_ORIGINAL,VITIS_MACSEC audits (2026-08-06),Le Sun,BSD-2-Clause,BSD-2-Clause,n/a (author),True,Independent E1/E2 security experiment testbench,ee7e5644c6c13e94b19bbec7e13049ef5bc4e87e460385ef51a5132855369628,e6aa09e321a7e4913eaf8112e9648fc71f7bf9ea01e5af8cb1a92f7f2fd15808,Compiled binaries/waveforms excluded
tb/security_regressions/tb4.v,/tmp/opencode/macsec_exp1/tb4.v,TEST_ORIGINAL,VITIS_MACSEC audits (2026-08-06),Le Sun,BSD-2-Clause,BSD-2-Clause,n/a (author),True,Independent E1/E2 security experiment testbench,3e8e811de8ce703937d50ee17403f7758506bb8a68cd5f702a103371f85bdfc3,0d9635d7eb0bb09234a1dc06de40f5fc33885d0049128302b8c323ee42919152,Compiled binaries/waveforms excluded
tb/security_regressions/tb5.v,/tmp/opencode/macsec_exp1/tb5.v,TEST_ORIGINAL,VITIS_MACSEC audits (2026-08-06),Le Sun,BSD-2-Clause,BSD-2-Clause,n/a (author),True,Independent E1/E2 security experiment testbench,3cb10ddc94ea7353ae7aaae275daf1185e68199d29c2d2f9309e5f777d30a464,9353336ebf275be298cccf72b5e68f7ce59916c0afd7284d09e6a34358f57a55,Compiled binaries/waveforms excluded
tb/security_regressions/tb6.v,/tmp/opencode/macsec_exp1/tb6.v,TEST_ORIGINAL,VITIS_MACSEC audits (2026-08-06),Le Sun,BSD-2-Clause,BSD-2-Clause,n/a (author),True,Independent E1/E2 security experiment testbench,abd46e7f3e556904849ac425d2d6d63c43ebfb0e4b76827b60971df513e97785,bf9225f862276165162a52320522d4c2c4dcea57370a5c84ab24adfcf548bbef,Compiled binaries/waveforms excluded
tb/security_regressions/tb7.v,/tmp/opencode/macsec_exp1/tb7.v,TEST_ORIGINAL,VITIS_MACSEC audits (2026-08-06),Le Sun,BSD-2-Clause,BSD-2-Clause,n/a (author),True,Independent E1/E2 security experiment testbench,494e63a5a04b7f3730928b7d14a51666afebdd663b89ffac56e4b0172c4d91f8,092de9cabb3c74b347affbf70fc585f1e17ebe3591ae9bab17a8ffd6f143cd2f,Compiled binaries/waveforms excluded
tb/security_regressions/tb_e2.v,/tmp/opencode/macsec_exp1/tb_e2.v,TEST_ORIGINAL,VITIS_MACSEC audits (2026-08-06),Le Sun,BSD-2-Clause,BSD-2-Clause,n/a (author),True,Independent E1/E2 security experiment testbench,758e0319c887633625a1913ef6ff1544cee6c9620f02e06947a139ef72865675,1ef50878690fd3303f654cf08302a8e8c5c1c1579179c64f5bd2a8e819ef3ba6,Compiled binaries/waveforms excluded
tb/security_regressions/tb_tag_strip.v,/tmp/opencode/macsec_exp1/tb_tag_strip.v,TEST_ORIGINAL,VITIS_MACSEC audits (2026-08-06),Le Sun,BSD-2-Clause,BSD-2-Clause,n/a (author),True,Independent E1/E2 security experiment testbench,bff42e731cbc79c5c420e8d567089e7ffc1ca20dde0c29abbf7e08654e0c8abd,f434930e595b2a9c5308f091e8608b47926c4ed4a882dd5d7466e2bc37733f4f,Compiled binaries/waveforms excluded
tb/tb_fpga_core_integration.v,<home>/workspace/mqnic_gcm_codex-2-v2-2.75gbps/mqnic_gcm_codex-2/mqnic_gcm_codex.srcs/sim_1/new/tb.v,TEST_ORIGINAL,mqnic_gcm_codex-2 (project),Le Sun,BSD-2-Clause,BSD-2-Clause,n/a (author),True,"xsim integration testbench (frame sweep, negative observations)",38a01119b35236f8100d97741e9a84ca7651b6f930917ae29b4e7da4bb1aeffd,99a9d865083b0e880d8e3072ff85cc53176fb2fb0617cc15395c117e0d4d0ce9,BSD-2-Clause header added
